Relation,Ent1,Ent2,URI_1,URI_2,#Sentence
located_in,CAMPO,BACIA,#CAMP_CD_CAMPO_0352,#BASE_CD_BACIA_096,2
located_in,POÇO,CAMPO,#well,#field,4
located_in,CAMPO,BACIA,#CAMP_CD_CAMPO_0352,#BASE_CD_BACIA_096,16
located_in,CAMPO,BACIA,#CAMP_CD_CAMPO_0352,#BASE_CD_BACIA_096,16
constituted_by,UNIDADE_LITO,ROCHA,#formacao_296,#sandstone,17
constituted_by,UNIDADE_LITO,ROCHA,#formacao_200,#sandstone,17
located_in,CAMPO,BACIA,#CAMP_CD_CAMPO_0352,#BASE_CD_BACIA_096,18
located_in,POÇO,CAMPO,#well,#CAMP_CD_CAMPO_0352,23
located_in,POÇO,CAMPO,#well,#CAMP_CD_CAMPO_0352,23
located_in,CAMPO,BACIA,#CAMP_CD_CAMPO_0352,#BASE_CD_BACIA_096,25
located_in,CAMPO,BACIA,#CAMP_CD_CAMPO_0352,#BASE_CD_BACIA_096,25
constituted_by,UNIDADE_LITO,ROCHA,#formacao_296,#sandstone,25
located_in,UNIDADE_LITO,BACIA,#formacao_296,#BASE_CD_BACIA_096,25
located_in,UNIDADE_LITO,BACIA,#formacao_296,#BASE_CD_BACIA_096,25
constituted_by,UNIDADE_LITO,FLUIDODATERRA_i,#formacao_200,#oil,25
constituted_by,UNIDADE_LITO,ROCHA,#formacao_200,#sandstone,25
located_in,UNIDADE_LITO,BACIA,#formacao_200,#BASE_CD_BACIA_096,25
located_in,UNIDADE_LITO,BACIA,#formacao_200,#BASE_CD_BACIA_096,25
located_in,POÇO,CAMPO,#well,#field,46
located_in,POÇO,CAMPO,#well,#CAMP_CD_CAMPO_0352,47
located_in,POÇO,CAMPO,#well,#field,123
located_in,POÇO,CAMPO,#well,#field,150
located_in,POÇO,CAMPO,#well,#field,154
located_in,POÇO,CAMPO,#well,#CAMP_CD_CAMPO_0352,158
located_in,UNIDADE_LITO,BACIA,#formacao_187,#BASE_CD_BACIA_030,183
located_in,POÇO,BACIA,#well,#BASE_CD_BACIA_030,337
crosses,POÇO,UNIDADE_LITO,#well,#membro_010,347
located_in,POÇO,BACIA,#well,#BASE_CD_BACIA_270,347
located_in,POÇO,BACIA,#well,#BASE_CD_BACIA_260,347
has_age,UNIDADE_LITO,UNIDADE_CRONO,#membro_010,#Alagoas_Age,350
has_age,UNIDADE_LITO,UNIDADE_CRONO,#membro_010,#Alagoas_Age,350
has_age,UNIDADE_LITO,UNIDADE_CRONO,#membro_010,#Alagoas_Age,354
located_in,CAMPO,BACIA,#field,#basin,365
has_age,UNIDADE_LITO,UNIDADE_CRONO,#membro_010,#Alagoas_Age,377
has_age,UNIDADE_LITO,UNIDADE_CRONO,#membro_010,#Alagoas_Age,377
located_in,POÇO,BACIA,#well,#BASE_CD_BACIA_270,379
located_in,POÇO,BACIA,#well,#BASE_CD_BACIA_260,379
located_in,POÇO,BACIA,#well,#BASE_CD_BACIA_270,379
located_in,POÇO,BACIA,#well,#BASE_CD_BACIA_260,379
constituted_by,UNIDADE_LITO,ROCHA,#membro_010,#sandstone,383
constituted_by,UNIDADE_LITO,ROCHA,#membro_010,#conglomerate,383
located_in,POÇO,BACIA,#well,#BASE_CD_BACIA_270,385
located_in,POÇO,BACIA,#well,#BASE_CD_BACIA_260,385
crosses,POÇO,UNIDADE_LITO,#well,#membro_010,385
has_age,UNIDADE_LITO,UNIDADE_CRONO,#membro_010,#Alagoas_Age,385
has_age,UNIDADE_LITO,UNIDADE_CRONO,#membro_010,#Alagoas_Age,385
constituted_by,UNIDADE_LITO,ROCHA,#membro_010,#sandstone,402
constituted_by,UNIDADE_LITO,ROCHA,#membro_010,#sandstone,448
constituted_by,UNIDADE_LITO,ROCHA,#membro_010,#sandstone,453
located_in,UNIDADE_LITO,BACIA,#membro_010,#basin,461
constituted_by,UNIDADE_LITO,ROCHA,#membro_010,#sandstone,558
constituted_by,UNIDADE_LITO,ROCHA,#membro_010,#anhydrite,588
constituted_by,UNIDADE_LITO,ROCHA,#membro_010,#gipsita,588
constituted_by,UNIDADE_LITO,ROCHA,#membro_010,#anhydrite,603
has_age,UNIDADE_LITO,UNIDADE_CRONO,#membro_010,#Alagoas_Age,621
constituted_by,UNIDADE_LITO,ROCHA,#membro_010,#sandstone,636
constituted_by,UNIDADE_LITO,ROCHA,#membro_010,#sandstone,639
constituted_by,UNIDADE_LITO,ROCHA,#membro_010,#conglomerate,639
has_age,UNIDADE_LITO,UNIDADE_CRONO,#membro_010,#Alagoas_Age,642
constituted_by,UNIDADE_LITO,ROCHA,#membro_010,#sandstone,655
located_in,CAMPO,BACIA,#CAMP_CD_CAMPO_0861,#BASE_CD_BACIA_270,708
located_in,CAMPO,BACIA,#CAMP_CD_CAMPO_0912,#BASE_CD_BACIA_270,708
part_of,UNIDADE_LITO,UNIDADE_LITO,#membro_010,#formacao_013,711
located_in,POÇO,CAMPO,#POCO_CD_POCO_021985,#CAMP_CD_CAMPO_0545,738
located_in,POÇO,BACIA,#POCO_CD_POCO_021985,#BASE_CD_BACIA_260,738
located_in,CAMPO,BACIA,#CAMP_CD_CAMPO_0545,#BASE_CD_BACIA_260,738
located_in,POÇO,BACIA,#well,#basin,766
located_in,POÇO,CAMPO,#well,#CAMP_CD_CAMPO_0975,766
located_in,CAMPO,BACIA,#CAMP_CD_CAMPO_0975,#basin,766
located_in,POÇO,BACIA,#well,#BASE_CD_BACIA_100,779
located_in,POÇO,CAMPO,#well,#CAMP_CD_CAMPO_0975,779
located_in,CAMPO,BACIA,#CAMP_CD_CAMPO_0975,#BASE_CD_BACIA_100,779
located_in,CAMPO,BACIA,#field,#basin,780
located_in,UNIDADE_LITO,BACIA,#formacao_319,#BASE_CD_BACIA_100,819
located_in,UNIDADE_LITO,BACIA,#formacao_319,#basin,826
part_of,UNIDADE_LITO,UNIDADE_LITO,#membro_045,#formacao_056,847
part_of,UNIDADE_LITO,UNIDADE_LITO,#membro_045,#formacao_056,847
part_of,UNIDADE_LITO,UNIDADE_LITO,#membro_045,#formacao_056,847
part_of,UNIDADE_LITO,UNIDADE_LITO,#membro_045,#formacao_056,847
located_in,UNIDADE_LITO,BACIA,#formacao_056,#basin,848
part_of,UNIDADE_LITO,UNIDADE_LITO,#membro_050,#formacao_056,848
located_in,UNIDADE_LITO,BACIA,#membro_050,#basin,848
part_of,UNIDADE_LITO,UNIDADE_LITO,#membro_045,#formacao_056,852
part_of,UNIDADE_LITO,UNIDADE_LITO,#membro_045,#formacao_056,855
located_in,UNIDADE_LITO,BACIA,#formacao_319,#BASE_CD_BACIA_100,891
part_of,UNIDADE_LITO,UNIDADE_LITO,#membro_050,#formacao_056,893
constituted_by,UNIDADE_LITO,ROCHA,#membro_050,#shale,893
constituted_by,UNIDADE_LITO,ROCHA,#formacao_056,#shale,893
part_of,UNIDADE_LITO,UNIDADE_LITO,#membro_028,#formacao_056,893
constituted_by,UNIDADE_LITO,ROCHA,#membro_028,#shale,893
located_in,UNIDADE_LITO,BACIA,#SD_000,#basin,898
constituted_by,UNIDADE_LITO,ROCHA,#formacao_050,#basalt,931
located_in,CAMPO,BACIA,#CAMP_CD_CAMPO_0012,#BASE_CD_BACIA_100,931
located_in,POÇO,BACIA,#well,#BASE_CD_BACIA_100,932
located_in,UNIDADE_LITO,BACIA,#formacao_056,#BASE_CD_BACIA_100,945
located_in,UNIDADE_LITO,BACIA,#formacao_253,#BASE_CD_BACIA_100,945
located_in,UNIDADE_LITO,BACIA,#formacao_253,#BASE_CD_BACIA_100,945
located_in,UNIDADE_LITO,BACIA,#formacao_253,#BASE_CD_BACIA_100,945
located_in,UNIDADE_LITO,BACIA,#formacao_158,#BASE_CD_BACIA_100,945
constituted_by,UNIDADE_LITO,ROCHA,#formacao_210,#basalt,950
constituted_by,UNIDADE_LITO,ROCHA,#formacao_003,#basalt,950
constituted_by,UNIDADE_LITO,ROCHA,#formacao_016,#basalt,950
constituted_by,UNIDADE_LITO,ROCHA,#formacao_050,#basalt,950
located_in,CAMPO,BACIA,#CAMP_CD_CAMPO_0975,#BASE_CD_BACIA_100,995
located_in,UNIDADE_LITO,BACIA,#formacao_278,#BASE_CD_BACIA_100,1057
located_in,CAMPO,BACIA,#CAMP_CD_CAMPO_0760,#BASE_CD_BACIA_281,1066
located_in,POÇO,CAMPO,#well,#CAMP_CD_CAMPO_0760,1089
located_in,POÇO,CAMPO,#well,#CAMP_CD_CAMPO_0760,1130
constituted_by,UNIDADE_LITO,ROCHA,#formacao_125,#sandstone,2034
constituted_by,UNIDADE_LITO,ROCHA,#formacao_229,#sandstone,2034
located_in,CAMPO,BACIA,#CAMP_CD_CAMPO_0403,#BASE_CD_BACIA_240,2034
located_in,CAMPO,BACIA,#CAMP_CD_CAMPO_0734,#BASE_CD_BACIA_281,2040
constituted_by,UNIDADE_LITO,ROCHA,#formacao_157,#shale,2167
constituted_by,UNIDADE_LITO,ROCHA,#formacao_061,#shale,2167
constituted_by,UNIDADE_LITO,ROCHA,#formacao_246,#shale,2167
located_in,UNIDADE_LITO,BACIA,#formacao_216,#BASE_CD_BACIA_116,2181
located_in,UNIDADE_LITO,BACIA,#formacao_216,#BASE_CD_BACIA_116,2181
located_in,UNIDADE_LITO,BACIA,#formacao_059,#basin,2203
located_in,UNIDADE_LITO,BACIA,#formacao_059,#BASE_CD_BACIA_090,2203
located_in,POÇO,BACIA,#well,#BASE_CD_BACIA_281,2449
located_in,POÇO,BACIA,#well,#BASE_CD_BACIA_281,2455
located_in,CAMPO,BACIA,#CAMP_CD_CAMPO_0682,#BASE_CD_BACIA_281,2579
located_in,POÇO,CAMPO,#well,#field,2679
located_in,POÇO,BACIA,#well,#BASE_CD_BACIA_300,2849
located_in,UNIDADE_LITO,BACIA,#SD_000,#basin,2856
located_in,UNIDADE_LITO,BACIA,#SD_000,#basin,2882
located_in,UNIDADE_LITO,BACIA,#SD_000,#basin,2894
crosses,POÇO,UNIDADE_LITO,#well,#SD_000,2914
located_in,POÇO,BACIA,#well,#BASE_CD_BACIA_300,2920
located_in,UNIDADE_LITO,BACIA,#SD_000,#basin,2937
located_in,POÇO,BACIA,#well,#basin,2940
crosses,POÇO,UNIDADE_LITO,#well,#grupo_063,2943
crosses,POÇO,UNIDADE_LITO,#well,#formacao_228,2950
crosses,POÇO,UNIDADE_LITO,#well,#formacao_157,2950
located_in,UNIDADE_LITO,BACIA,#formacao_002,#basin,2960
located_in,POÇO,BACIA,#well,#BASE_CD_BACIA_300,2964
located_in,UNIDADE_LITO,BACIA,#grupo_033,#BASE_CD_BACIA_300,3038
located_in,UNIDADE_LITO,BACIA,#formacao_027,#BASE_CD_BACIA_116,3321
located_in,UNIDADE_LITO,BACIA,#formacao_027,#BASE_CD_BACIA_116,3321
located_in,UNIDADE_LITO,BACIA,#formacao_165,#BASE_CD_BACIA_116,3338
located_in,UNIDADE_LITO,BACIA,#formacao_165,#BASE_CD_BACIA_116,3338
located_in,UNIDADE_LITO,BACIA,#formacao_260,#BASE_CD_BACIA_116,3338
located_in,UNIDADE_LITO,BACIA,#formacao_260,#BASE_CD_BACIA_116,3338
located_in,UNIDADE_LITO,BACIA,#formacao_102,#BASE_CD_BACIA_116,3338
located_in,UNIDADE_LITO,BACIA,#formacao_102,#BASE_CD_BACIA_116,3338
located_in,UNIDADE_LITO,BACIA,#formacao_154,#BASE_CD_BACIA_116,3338
located_in,UNIDADE_LITO,BACIA,#formacao_154,#BASE_CD_BACIA_116,3338
located_in,UNIDADE_LITO,BACIA,#formacao_103,#BASE_CD_BACIA_116,3338
located_in,UNIDADE_LITO,BACIA,#formacao_103,#BASE_CD_BACIA_116,3338
located_in,UNIDADE_LITO,BACIA,#formacao_260,#basin,3339
located_in,UNIDADE_LITO,BACIA,#formacao_260,#basin,3339
has_age,UNIDADE_LITO,UNIDADE_CRONO,#formacao_260,#Carboniferous,3339
located_in,UNIDADE_LITO,BACIA,#formacao_102,#BASE_CD_BACIA_116,3341
located_in,UNIDADE_LITO,BACIA,#formacao_102,#BASE_CD_BACIA_116,3341
crosses,POÇO,UNIDADE_LITO,#well,#formacao_102,3341
located_in,POÇO,BACIA,#well,#BASE_CD_BACIA_116,3341
located_in,POÇO,BACIA,#well,#BASE_CD_BACIA_116,3341
crosses,POÇO,UNIDADE_LITO,#well,#formacao_305,3341
located_in,UNIDADE_LITO,BACIA,#formacao_002,#basin,3343
constituted_by,UNIDADE_LITO,ROCHA,#formacao_154,#shale,3344
constituted_by,UNIDADE_LITO,ROCHA,#formacao_154,#siltstone,3344
constituted_by,UNIDADE_LITO,ROCHA,#formacao_154,#sandstone,3344
constituted_by,UNIDADE_LITO,ROCHA,#formacao_103,#shale,3344
constituted_by,UNIDADE_LITO,ROCHA,#formacao_103,#siltstone,3344
constituted_by,UNIDADE_LITO,ROCHA,#formacao_103,#sandstone,3344
constituted_by,UNIDADE_LITO,ROCHA,#formacao_103,#sandstone,3346
constituted_by,UNIDADE_LITO,ROCHA,#formacao_216,#sandstone,3346
constituted_by,UNIDADE_LITO,ROCHA,#formacao_153,#sandstone,3346
located_in,UNIDADE_LITO,BACIA,#formacao_216,#BASE_CD_BACIA_116,3347
located_in,UNIDADE_LITO,BACIA,#formacao_153,#BASE_CD_BACIA_116,3347
located_in,UNIDADE_LITO,BACIA,#formacao_117,#BASE_CD_BACIA_116,3355
located_in,UNIDADE_LITO,BACIA,#formacao_117,#BASE_CD_BACIA_116,3355
located_in,UNIDADE_LITO,BACIA,#formacao_236,#BASE_CD_BACIA_116,3355
located_in,UNIDADE_LITO,BACIA,#formacao_236,#BASE_CD_BACIA_116,3355
located_in,UNIDADE_LITO,BACIA,#formacao_130,#BASE_CD_BACIA_116,3355
located_in,UNIDADE_LITO,BACIA,#formacao_130,#BASE_CD_BACIA_116,3355
located_in,UNIDADE_LITO,BACIA,#formacao_251,#BASE_CD_BACIA_116,3355
located_in,UNIDADE_LITO,BACIA,#formacao_251,#BASE_CD_BACIA_116,3355
located_in,UNIDADE_LITO,BACIA,#formacao_027,#BASE_CD_BACIA_116,3355
located_in,UNIDADE_LITO,BACIA,#formacao_027,#BASE_CD_BACIA_116,3355
located_in,UNIDADE_LITO,BACIA,#formacao_027,#BASE_CD_BACIA_116,3359
located_in,UNIDADE_LITO,BACIA,#formacao_027,#BASE_CD_BACIA_116,3359
located_in,UNIDADE_LITO,BACIA,#SD_000,#basin,3378
has_age,UNIDADE_LITO,UNIDADE_CRONO,#SD_000,#Albian,3378
located_in,UNIDADE_LITO,BACIA,#formacao_027,#BASE_CD_BACIA_116,3411
located_in,UNIDADE_LITO,BACIA,#formacao_027,#BASE_CD_BACIA_116,3411
located_in,UNIDADE_LITO,BACIA,#SD_000,#basin,3423
located_in,UNIDADE_LITO,BACIA,#formacao_027,#BASE_CD_BACIA_116,3429
located_in,UNIDADE_LITO,BACIA,#formacao_027,#BASE_CD_BACIA_116,3429
located_in,UNIDADE_LITO,BACIA,#SD_000,#basin,3449
located_in,POÇO,BACIA,#well,#basin,3449
crosses,POÇO,UNIDADE_LITO,#well,#SD_000,3449
located_in,POÇO,BACIA,#well,#BASE_CD_BACIA_116,3450
located_in,POÇO,BACIA,#well,#BASE_CD_BACIA_116,3450
located_in,UNIDADE_LITO,BACIA,#formacao_027,#BASE_CD_BACIA_116,3456
located_in,UNIDADE_LITO,BACIA,#formacao_027,#BASE_CD_BACIA_116,3456
located_in,POÇO,BACIA,#well,#BASE_CD_BACIA_116,3504
located_in,POÇO,BACIA,#well,#BASE_CD_BACIA_116,3504
crosses,POÇO,UNIDADE_LITO,#well,#SD_000,3505
located_in,POÇO,BACIA,#well,#BASE_CD_BACIA_270,3531
located_in,UNIDADE_LITO,BACIA,#SD_000,#basin,3546
located_in,POÇO,BACIA,#well,#basin,3552
crosses,POÇO,UNIDADE_LITO,#well,#SD_000,3553
located_in,POÇO,BACIA,#well,#BASE_CD_BACIA_116,3565
located_in,POÇO,BACIA,#well,#BASE_CD_BACIA_116,3579
located_in,POÇO,BACIA,#well,#BASE_CD_BACIA_281,3579
located_in,POÇO,BACIA,#well,#BASE_CD_BACIA_316,3579
located_in,POÇO,BACIA,#well,#BASE_CD_BACIA_116,3579
located_in,POÇO,BACIA,#well,#BASE_CD_BACIA_116,3579
located_in,POÇO,BACIA,#well,#BASE_CD_BACIA_116,3582
located_in,POÇO,BACIA,#well,#BASE_CD_BACIA_116,3582
located_in,POÇO,BACIA,#well,#BASE_CD_BACIA_116,3582
located_in,POÇO,BACIA,#well,#BASE_CD_BACIA_116,3582
located_in,POÇO,BACIA,#well,#basin,3586
located_in,UNIDADE_LITO,BACIA,#formacao_319,#BASE_CD_BACIA_100,3712
constituted_by,UNIDADE_LITO,ROCHA,#SD_000,#diabase,3725
located_in,UNIDADE_LITO,BACIA,#formacao_056,#basin,3733
located_in,UNIDADE_LITO,BACIA,#formacao_319,#BASE_CD_BACIA_100,3743
located_in,UNIDADE_LITO,BACIA,#SD_000,#basin,3748
crosses,POÇO,UNIDADE_LITO,#well,#formacao_319,3752
crosses,POÇO,UNIDADE_LITO,#well,#formacao_319,3752
located_in,UNIDADE_LITO,BACIA,#formacao_319,#BASE_CD_BACIA_100,3760
located_in,UNIDADE_LITO,BACIA,#formacao_319,#BASE_CD_BACIA_100,3802
located_in,UNIDADE_LITO,BACIA,#formacao_319,#BASE_CD_BACIA_100,3810
located_in,CAMPO,BACIA,#CAMP_CD_CAMPO_0637,#BASE_CD_BACIA_100,3810
located_in,UNIDADE_LITO,BACIA,#formacao_319,#BASE_CD_BACIA_100,3821
located_in,POÇO,BACIA,#well,#BASE_CD_BACIA_116,3914
located_in,POÇO,BACIA,#well,#BASE_CD_BACIA_100,3914
located_in,POÇO,BACIA,#well,#BASE_CD_BACIA_100,3914
constituted_by,UNIDADE_LITO,ROCHA,#SD_000,#conglomerate,3943
constituted_by,UNIDADE_LITO,ROCHA,#SD_000,#sandstone,3943
constituted_by,UNIDADE_LITO,ROCHA,#SD_000,#conglomerate,3949
constituted_by,UNIDADE_LITO,ROCHA,#SD_000,#volcanic_rock,3949
constituted_by,UNIDADE_LITO,ROCHA,#SD_000,#sandstone,3949
constituted_by,UNIDADE_LITO,ROCHA,#SD_000,#argillite,3949
located_in,UNIDADE_LITO,BACIA,#formacao_136,#basin,3950
located_in,UNIDADE_LITO,BACIA,#formacao_136,#basin,3959
located_in,UNIDADE_LITO,BACIA,#SD_000,#basin,3959
located_in,UNIDADE_LITO,BACIA,#formacao_096,#basin,3960
located_in,UNIDADE_LITO,BACIA,#SD_000,#basin,3965
located_in,UNIDADE_LITO,BACIA,#SD_000,#basin,3965
located_in,UNIDADE_LITO,BACIA,#formacao_136,#basin,3978
crosses,POÇO,UNIDADE_LITO,#well,#formacao_096,3998
crosses,POÇO,UNIDADE_LITO,#well,#formacao_096,4002
located_in,UNIDADE_LITO,BACIA,#formacao_096,#BASE_CD_BACIA_106,4004
located_in,UNIDADE_LITO,BACIA,#formacao_096,#basin,4006
located_in,UNIDADE_LITO,BACIA,#formacao_136,#BASE_CD_BACIA_106,4012
located_in,UNIDADE_LITO,BACIA,#formacao_136,#basin,4012
located_in,UNIDADE_LITO,BACIA,#formacao_153,#BASE_CD_BACIA_116,4103
located_in,UNIDADE_LITO,BACIA,#formacao_215,#BASE_CD_BACIA_116,4103
located_in,UNIDADE_LITO,BACIA,#formacao_009,#BASE_CD_BACIA_116,4103
located_in,UNIDADE_LITO,BACIA,#formacao_236,#BASE_CD_BACIA_116,4103
located_in,UNIDADE_LITO,BACIA,#formacao_312,#BASE_CD_BACIA_116,4103
located_in,UNIDADE_LITO,BACIA,#formacao_131,#BASE_CD_BACIA_116,4103
located_in,UNIDADE_LITO,BACIA,#formacao_216,#BASE_CD_BACIA_116,4103
located_in,UNIDADE_LITO,BACIA,#formacao_103,#BASE_CD_BACIA_116,4103
located_in,UNIDADE_LITO,BACIA,#formacao_154,#BASE_CD_BACIA_116,4103
located_in,UNIDADE_LITO,BACIA,#formacao_102,#BASE_CD_BACIA_116,4103
located_in,UNIDADE_LITO,BACIA,#formacao_260,#BASE_CD_BACIA_116,4103
has_age,UNIDADE_LITO,UNIDADE_CRONO,#formacao_016,#Pliocene,4105
constituted_by,UNIDADE_LITO,ROCHA,#formacao_215,#sandstone,4109
constituted_by,UNIDADE_LITO,ROCHA,#formacao_215,#shale,4109
constituted_by,UNIDADE_LITO,ROCHA,#formacao_009,#sandstone,4109
constituted_by,UNIDADE_LITO,ROCHA,#formacao_009,#shale,4109
located_in,UNIDADE_LITO,BACIA,#formacao_153,#BASE_CD_BACIA_116,4278
located_in,CAMPO,BACIA,#CAMP_CD_CAMPO_0519,#BASE_CD_BACIA_116,4278
located_in,UNIDADE_LITO,BACIA,#formacao_153,#BASE_CD_BACIA_116,4290
located_in,CAMPO,BACIA,#CAMP_CD_CAMPO_0519,#BASE_CD_BACIA_116,4290
located_in,UNIDADE_LITO,BACIA,#formacao_153,#BASE_CD_BACIA_116,4291
located_in,CAMPO,BACIA,#CAMP_CD_CAMPO_0519,#BASE_CD_BACIA_116,4291
has_age,UNIDADE_LITO,UNIDADE_CRONO,#formacao_153,#Aratu_Age,4305
located_in,UNIDADE_LITO,BACIA,#formacao_153,#BASE_CD_BACIA_116,4305
located_in,UNIDADE_LITO,BACIA,#formacao_153,#BASE_CD_BACIA_116,4317
crosses,POÇO,UNIDADE_LITO,#well,#formacao_153,4317
located_in,POÇO,BACIA,#well,#BASE_CD_BACIA_116,4317
located_in,POÇO,CAMPO,#well,#CAMP_CD_CAMPO_0519,4317
located_in,POÇO,CAMPO,#well,#CAMP_CD_CAMPO_0916,4317
located_in,CAMPO,BACIA,#CAMP_CD_CAMPO_0519,#BASE_CD_BACIA_116,4317
located_in,CAMPO,BACIA,#CAMP_CD_CAMPO_0916,#BASE_CD_BACIA_116,4317
located_in,UNIDADE_LITO,BACIA,#formacao_319,#BASE_CD_BACIA_100,4324
located_in,UNIDADE_LITO,BACIA,#formacao_153,#BASE_CD_BACIA_116,4329
located_in,CAMPO,BACIA,#field,#BASE_CD_BACIA_266,4373
located_in,CAMPO,BACIA,#CAMP_CD_CAMPO_0888,#BASE_CD_BACIA_266,4373
constituted_by,UNIDADE_LITO,ROCHA,#formacao_149,#sandstone,4392
constituted_by,UNIDADE_LITO,ROCHA,#formacao_149,#shale,4392
crosses,POÇO,UNIDADE_LITO,#well,#formacao_149,4398
crosses,POÇO,UNIDADE_LITO,#well,#formacao_149,4398
crosses,POÇO,UNIDADE_LITO,#well,#formacao_149,4398
located_in,CAMPO,BACIA,#field,#basin,4572
located_in,CAMPO,BACIA,#field,#BASE_CD_BACIA_240,4572
located_in,UNIDADE_LITO,BACIA,#formacao_149,#BASE_CD_BACIA_230,4629
located_in,POÇO,BACIA,#well,#BASE_CD_BACIA_266,4650
located_in,POÇO,BACIA,#well,#BASE_CD_BACIA_250,4650
located_in,UNIDADE_LITO,BACIA,#formacao_295,#basin,4651
constituted_by,UNIDADE_LITO,ROCHA,#formacao_295,#sandstone,4651
located_in,UNIDADE_LITO,BACIA,#formacao_295,#BASE_CD_BACIA_266,4651
located_in,UNIDADE_LITO,BACIA,#formacao_239,#basin,4651
constituted_by,UNIDADE_LITO,ROCHA,#formacao_239,#sandstone,4651
located_in,UNIDADE_LITO,BACIA,#formacao_239,#BASE_CD_BACIA_266,4651
located_in,UNIDADE_LITO,BACIA,#formacao_083,#basin,4651
constituted_by,UNIDADE_LITO,ROCHA,#formacao_083,#sandstone,4651
located_in,UNIDADE_LITO,BACIA,#formacao_083,#BASE_CD_BACIA_266,4651
located_in,UNIDADE_LITO,BACIA,#formacao_264,#basin,4651
constituted_by,UNIDADE_LITO,ROCHA,#formacao_264,#sandstone,4651
located_in,UNIDADE_LITO,BACIA,#formacao_264,#BASE_CD_BACIA_266,4651
located_in,UNIDADE_LITO,BACIA,#formacao_204,#basin,4651
constituted_by,UNIDADE_LITO,ROCHA,#formacao_204,#sandstone,4651
located_in,UNIDADE_LITO,BACIA,#formacao_204,#BASE_CD_BACIA_266,4651
located_in,UNIDADE_LITO,BACIA,#formacao_343,#basin,4651
constituted_by,UNIDADE_LITO,ROCHA,#formacao_343,#sandstone,4651
located_in,UNIDADE_LITO,BACIA,#formacao_343,#BASE_CD_BACIA_266,4651
located_in,UNIDADE_LITO,BACIA,#formacao_171,#basin,4651
constituted_by,UNIDADE_LITO,ROCHA,#formacao_171,#sandstone,4651
located_in,UNIDADE_LITO,BACIA,#formacao_171,#BASE_CD_BACIA_266,4651
located_in,UNIDADE_LITO,BACIA,#formacao_266,#basin,4651
constituted_by,UNIDADE_LITO,ROCHA,#formacao_266,#sandstone,4651
located_in,UNIDADE_LITO,BACIA,#formacao_255,#basin,4651
constituted_by,UNIDADE_LITO,ROCHA,#formacao_255,#sandstone,4651
located_in,UNIDADE_LITO,BACIA,#formacao_262,#basin,4651
constituted_by,UNIDADE_LITO,ROCHA,#formacao_262,#sandstone,4651
located_in,UNIDADE_LITO,BACIA,#formacao_262,#BASE_CD_BACIA_266,4651
located_in,UNIDADE_LITO,BACIA,#formacao_256,#basin,4651
constituted_by,UNIDADE_LITO,ROCHA,#formacao_256,#sandstone,4651
located_in,UNIDADE_LITO,BACIA,#formacao_256,#BASE_CD_BACIA_266,4651
located_in,UNIDADE_LITO,BACIA,#formacao_122,#basin,4651
constituted_by,UNIDADE_LITO,ROCHA,#formacao_122,#sandstone,4651
located_in,UNIDADE_LITO,BACIA,#formacao_122,#BASE_CD_BACIA_266,4651
located_in,UNIDADE_LITO,BACIA,#formacao_016,#basin,4651
constituted_by,UNIDADE_LITO,ROCHA,#formacao_016,#sandstone,4651
located_in,POÇO,BACIA,#well,#BASE_CD_BACIA_266,4666
located_in,POÇO,BACIA,#well,#BASE_CD_BACIA_250,4666
located_in,POÇO,BACIA,#well,#BASE_CD_BACIA_266,4666
located_in,POÇO,BACIA,#well,#BASE_CD_BACIA_250,4666
constituted_by,UNIDADE_LITO,ROCHA,#formacao_335,#sandstone,4737
constituted_by,UNIDADE_LITO,ROCHA,#formacao_335,#sandstone,4737
constituted_by,UNIDADE_LITO,ROCHA,#formacao_335,#shale,4737
constituted_by,UNIDADE_LITO,ROCHA,#formacao_335,#shale,4737
constituted_by,UNIDADE_LITO,ROCHA,#formacao_239,#sandstone,4737
constituted_by,UNIDADE_LITO,ROCHA,#formacao_239,#sandstone,4737
constituted_by,UNIDADE_LITO,ROCHA,#formacao_239,#shale,4737
constituted_by,UNIDADE_LITO,ROCHA,#formacao_239,#shale,4737
constituted_by,UNIDADE_LITO,ROCHA,#formacao_083,#sandstone,4737
constituted_by,UNIDADE_LITO,ROCHA,#formacao_083,#sandstone,4737
constituted_by,UNIDADE_LITO,ROCHA,#formacao_083,#shale,4737
constituted_by,UNIDADE_LITO,ROCHA,#formacao_083,#shale,4737
located_in,UNIDADE_LITO,BACIA,#formacao_264,#BASE_CD_BACIA_266,4744
constituted_by,UNIDADE_LITO,ROCHA,#formacao_264,#shale,4744
constituted_by,UNIDADE_LITO,ROCHA,#formacao_264,#sandstone,4744
constituted_by,UNIDADE_LITO,ROCHA,#formacao_264,#sandstone,4744
constituted_by,UNIDADE_LITO,ROCHA,#formacao_204,#sandstone,4746
constituted_by,UNIDADE_LITO,ROCHA,#formacao_204,#shale,4746
constituted_by,UNIDADE_LITO,ROCHA,#formacao_204,#sandstone,4748
constituted_by,UNIDADE_LITO,ROCHA,#formacao_204,#shale,4748
located_in,POÇO,BACIA,#well,#BASE_CD_BACIA_266,4750
located_in,POÇO,BACIA,#well,#BASE_CD_BACIA_250,4750
located_in,POÇO,BACIA,#well,#basin,4750
located_in,POÇO,BACIA,#well,#BASE_CD_BACIA_266,4750
located_in,POÇO,BACIA,#well,#BASE_CD_BACIA_250,4750
located_in,POÇO,BACIA,#well,#basin,4750
located_in,UNIDADE_LITO,BACIA,#formacao_343,#BASE_CD_BACIA_266,4752
constituted_by,UNIDADE_LITO,ROCHA,#formacao_343,#shale,4752
constituted_by,UNIDADE_LITO,ROCHA,#formacao_343,#sandstone,4752
has_age,UNIDADE_LITO,UNIDADE_CRONO,#formacao_013,#Alagoas_Age,4752
constituted_by,UNIDADE_LITO,ROCHA,#formacao_013,#shale,4752
constituted_by,UNIDADE_LITO,ROCHA,#formacao_013,#sandstone,4752
located_in,UNIDADE_LITO,BACIA,#formacao_171,#basin,4754
located_in,UNIDADE_LITO,BACIA,#formacao_171,#BASE_CD_BACIA_266,4754
located_in,UNIDADE_LITO,BACIA,#formacao_266,#basin,4754
located_in,UNIDADE_LITO,BACIA,#formacao_255,#basin,4754
constituted_by,UNIDADE_LITO,ROCHA,#formacao_262,#shale,4757
constituted_by,UNIDADE_LITO,ROCHA,#formacao_262,#sandstone,4757
constituted_by,UNIDADE_LITO,ROCHA,#formacao_262,#sandstone,4757
constituted_by,UNIDADE_LITO,ROCHA,#formacao_122,#shale,4757
constituted_by,UNIDADE_LITO,ROCHA,#formacao_122,#sandstone,4757
constituted_by,UNIDADE_LITO,ROCHA,#formacao_122,#sandstone,4757
constituted_by,UNIDADE_LITO,ROCHA,#formacao_016,#shale,4757
constituted_by,UNIDADE_LITO,ROCHA,#formacao_016,#sandstone,4757
constituted_by,UNIDADE_LITO,ROCHA,#formacao_016,#sandstone,4757
constituted_by,UNIDADE_LITO,ROCHA,#formacao_256,#shale,4757
constituted_by,UNIDADE_LITO,ROCHA,#formacao_256,#sandstone,4757
constituted_by,UNIDADE_LITO,ROCHA,#formacao_256,#sandstone,4757
located_in,UNIDADE_LITO,BACIA,#SD_000,#basin,4799
located_in,UNIDADE_LITO,BACIA,#SD_000,#basin,4874
constituted_by,UNIDADE_LITO,ROCHA,#SD_000,#sandstone,4874
constituted_by,UNIDADE_LITO,ROCHA,#SD_000,#conglomerate,4874
located_in,UNIDADE_LITO,BACIA,#formacao_095,#basin,4883
located_in,UNIDADE_LITO,BACIA,#formacao_145,#basin,4883
located_in,POÇO,BACIA,#well,#basin,4884
located_in,POÇO,BACIA,#well,#BASE_CD_BACIA_240,4965
located_in,UNIDADE_LITO,BACIA,#formacao_149,#BASE_CD_BACIA_230,5187
located_in,UNIDADE_LITO,BACIA,#SD_000,#basin,5421
located_in,UNIDADE_LITO,BACIA,#formacao_249,#BASE_CD_BACIA_316,5426
located_in,UNIDADE_LITO,BACIA,#formacao_331,#BASE_CD_BACIA_316,5426
located_in,UNIDADE_LITO,BACIA,#membro_032,#BASE_CD_BACIA_316,5426
part_of,UNIDADE_LITO,UNIDADE_LITO,#membro_032,#formacao_331,5426
located_in,UNIDADE_LITO,BACIA,#formacao_163,#BASE_CD_BACIA_316,5426
located_in,CAMPO,BACIA,#CAMP_CD_CAMPO_0734,#BASE_CD_BACIA_281,5429
located_in,UNIDADE_LITO,BACIA,#formacao_331,#basin,5432
located_in,UNIDADE_LITO,BACIA,#formacao_331,#BASE_CD_BACIA_316,5432
located_in,UNIDADE_LITO,BACIA,#SD_000,#basin,5436
located_in,UNIDADE_LITO,BACIA,#grupo_038,#BASE_CD_BACIA_300,5437
located_in,UNIDADE_LITO,BACIA,#SD_000,#basin,5445
located_in,UNIDADE_LITO,BACIA,#SD_000,#basin,5483
located_in,UNIDADE_LITO,BACIA,#SD_000,#basin,5483
located_in,UNIDADE_LITO,BACIA,#formacao_331,#BASE_CD_BACIA_316,5488
constituted_by,UNIDADE_LITO,NÃOCONSOLID,#formacao_331,#sand,5488
located_in,POÇO,BACIA,#well,#BASE_CD_BACIA_316,5761
located_in,POÇO,BACIA,#well,#BASE_CD_BACIA_281,5761
located_in,POÇO,BACIA,#well,#BASE_CD_BACIA_240,5761
located_in,POÇO,BACIA,#well,#BASE_CD_BACIA_210,5761
located_in,POÇO,BACIA,#well,#basin,5776
located_in,UNIDADE_LITO,BACIA,#formacao_084,#BASE_CD_BACIA_381,5777
located_in,UNIDADE_LITO,BACIA,#formacao_277,#BASE_CD_BACIA_316,5777
located_in,UNIDADE_LITO,BACIA,#formacao_222,#BASE_CD_BACIA_281,5777
constituted_by,UNIDADE_LITO,ROCHA,#formacao_222,#basalt,5778
located_in,POÇO,BACIA,#well,#BASE_CD_BACIA_220,5812
located_in,POÇO,BACIA,#well,#BASE_CD_BACIA_220,5812
located_in,POÇO,BACIA,#well,#BASE_CD_BACIA_215,5812
located_in,POÇO,BACIA,#well,#basin,5841
located_in,UNIDADE_LITO,BACIA,#formacao_119,#BASE_CD_BACIA_256,5856
located_in,UNIDADE_LITO,BACIA,#formacao_153,#BASE_CD_BACIA_116,5857
located_in,UNIDADE_LITO,BACIA,#formacao_153,#BASE_CD_BACIA_116,5857
has_age,UNIDADE_LITO,UNIDADE_CRONO,#formacao_153,#Aratu_Age,5857
located_in,UNIDADE_LITO,BACIA,#formacao_153,#basin,5857
located_in,POÇO,BACIA,#POCO_CD_POCO_023746,#BASE_CD_BACIA_381,5889
located_in,UNIDADE_LITO,BACIA,#formacao_117,#BASE_CD_BACIA_116,5896
located_in,UNIDADE_LITO,BACIA,#formacao_319,#BASE_CD_BACIA_100,5991
located_in,UNIDADE_LITO,BACIA,#grupo_000,#BASE_CD_BACIA_281,6355
constituted_by,UNIDADE_LITO,ROCHA,#grupo_000,#marlstone,6355
constituted_by,UNIDADE_LITO,ROCHA,#grupo_000,#shale,6355
has_age,UNIDADE_LITO,UNIDADE_CRONO,#grupo_000,#Albian,6355
located_in,UNIDADE_LITO,BACIA,#formacao_278,#BASE_CD_BACIA_100,6364
located_in,UNIDADE_LITO,BACIA,#formacao_278,#BASE_CD_BACIA_100,6464
located_in,POÇO,BACIA,#well,#BASE_CD_BACIA_281,6484
located_in,POÇO,BACIA,#well,#BASE_CD_BACIA_270,6484
located_in,POÇO,BACIA,#well,#BASE_CD_BACIA_316,6484
located_in,POÇO,BACIA,#well,#BASE_CD_BACIA_116,6484
located_in,UNIDADE_LITO,BACIA,#formacao_262,#BASE_CD_BACIA_266,6490
has_age,UNIDADE_LITO,UNIDADE_CRONO,#SD_000,#Albian,6493
located_in,UNIDADE_LITO,BACIA,#formacao_262,#BASE_CD_BACIA_266,6500
located_in,CAMPO,BACIA,#field,#BASE_CD_BACIA_266,6512
located_in,CAMPO,BACIA,#field,#BASE_CD_BACIA_281,6512
located_in,CAMPO,BACIA,#field,#BASE_CD_BACIA_270,6512
located_in,CAMPO,BACIA,#field,#BASE_CD_BACIA_116,6512
located_in,CAMPO,BACIA,#field,#basin,6539
located_in,UNIDADE_LITO,BACIA,#formacao_262,#basin,6560
constituted_by,UNIDADE_LITO,ROCHA,#formacao_262,#conglomerate,6567
constituted_by,UNIDADE_LITO,ROCHA,#formacao_262,#sandstone,6567
located_in,UNIDADE_LITO,BACIA,#formacao_262,#basin,6567
located_in,UNIDADE_LITO,BACIA,#formacao_262,#basin,6567
constituted_by,UNIDADE_LITO,ROCHA,#SD_000,#shale,6613
constituted_by,UNIDADE_LITO,ROCHA,#formacao_262,#sandstone,6706
constituted_by,UNIDADE_LITO,ROCHA,#formacao_262,#conglomerate,6706
constituted_by,UNIDADE_LITO,ROCHA,#formacao_262,#conglomerate,6724
constituted_by,UNIDADE_LITO,ROCHA,#SD_000,#conglomerate,6724
located_in,UNIDADE_LITO,BACIA,#formacao_262,#BASE_CD_BACIA_266,6739
located_in,UNIDADE_LITO,BACIA,#grupo_033,#BASE_CD_BACIA_300,6810
located_in,UNIDADE_LITO,BACIA,#grupo_033,#BASE_CD_BACIA_300,6815
constituted_by,UNIDADE_LITO,FLUIDODATERRA_i,#formacao_110,#oil,6817
located_in,UNIDADE_LITO,BACIA,#formacao_110,#BASE_CD_BACIA_281,6829
located_in,UNIDADE_LITO,BACIA,#formacao_110,#basin,6829
constituted_by,UNIDADE_LITO,ROCHA,#formacao_289,#diamictite,6837
constituted_by,UNIDADE_LITO,ROCHA,#formacao_289,#shale,6837
constituted_by,UNIDADE_LITO,ROCHA,#formacao_110,#marlstone,6849
located_in,UNIDADE_LITO,BACIA,#formacao_110,#BASE_CD_BACIA_281,6849
located_in,UNIDADE_LITO,BACIA,#formacao_110,#BASE_CD_BACIA_281,7145
located_in,UNIDADE_LITO,BACIA,#formacao_110,#BASE_CD_BACIA_281,7153
located_in,POÇO,BACIA,#well,#BASE_CD_BACIA_281,7227
located_in,POÇO,BACIA,#well,#BASE_CD_BACIA_100,7227
located_in,CAMPO,BACIA,#CAMP_CD_CAMPO_0734,#BASE_CD_BACIA_281,7239
located_in,CAMPO,BACIA,#CAMP_CD_CAMPO_0734,#BASE_CD_BACIA_281,7240
located_in,CAMPO,BACIA,#CAMP_CD_CAMPO_0734,#BASE_CD_BACIA_281,7240
located_in,POÇO,CAMPO,#well,#CAMP_CD_CAMPO_0734,7381
located_in,POÇO,CAMPO,#well,#CAMP_CD_CAMPO_0734,7442
located_in,POÇO,CAMPO,#well,#CAMP_CD_CAMPO_0734,7487
located_in,POÇO,CAMPO,#well,#CAMP_CD_CAMPO_0734,7487
located_in,POÇO,CAMPO,#well,#CAMP_CD_CAMPO_0734,7487
located_in,POÇO,BACIA,#well,#basin,7717
located_in,CAMPO,BACIA,#CAMP_CD_CAMPO_0383,#BASE_CD_BACIA_096,7908
located_in,CAMPO,BACIA,#CAMP_CD_CAMPO_0383,#BASE_CD_BACIA_096,7908
located_in,CAMPO,BACIA,#CAMP_CD_CAMPO_0995,#BASE_CD_BACIA_096,7908
located_in,CAMPO,BACIA,#CAMP_CD_CAMPO_0995,#BASE_CD_BACIA_096,7908
located_in,CAMPO,BACIA,#CAMP_CD_CAMPO_0082,#BASE_CD_BACIA_096,7908
located_in,CAMPO,BACIA,#CAMP_CD_CAMPO_0082,#BASE_CD_BACIA_096,7908
located_in,CAMPO,BACIA,#CAMP_CD_CAMPO_0352,#BASE_CD_BACIA_096,7908
located_in,CAMPO,BACIA,#CAMP_CD_CAMPO_0352,#BASE_CD_BACIA_096,7908
part_of,UNIDADE_LITO,UNIDADE_LITO,#membro_058,#formacao_254,8073
located_in,UNIDADE_LITO,BACIA,#formacao_254,#BASE_CD_BACIA_300,8073
located_in,POÇO,BACIA,#well,#BASE_CD_BACIA_281,8156
located_in,POÇO,BACIA,#well,#BASE_CD_BACIA_270,8156
constituted_by,UNIDADE_LITO,FLUIDODATERRA_i,#formacao_056,#oil,8160
located_in,POÇO,BACIA,#well,#BASE_CD_BACIA_316,8180
located_in,POÇO,BACIA,#well,#BASE_CD_BACIA_281,8180
located_in,POÇO,BACIA,#well,#BASE_CD_BACIA_270,8180
located_in,POÇO,BACIA,#well,#BASE_CD_BACIA_266,8180
located_in,UNIDADE_LITO,BACIA,#formacao_142,#BASE_CD_BACIA_281,8205
located_in,POÇO,BACIA,#well,#basin,8236
part_of,UNIDADE_LITO,UNIDADE_LITO,#membro_010,#formacao_013,8239
located_in,POÇO,BACIA,#well,#BASE_CD_BACIA_266,8244
located_in,POÇO,BACIA,#well,#BASE_CD_BACIA_270,8244
located_in,UNIDADE_LITO,BACIA,#formacao_044,#BASE_CD_BACIA_281,8245
located_in,POÇO,BACIA,#well,#basin,8246
located_in,POÇO,BACIA,#well,#BASE_CD_BACIA_270,8246
located_in,POÇO,BACIA,#well,#basin,8246
located_in,POÇO,BACIA,#well,#BASE_CD_BACIA_270,8246
located_in,CAMPO,BACIA,#CAMP_CD_CAMPO_0309,#BASE_CD_BACIA_270,8320
located_in,POÇO,BACIA,#POCO_CD_POCO_006088,#BASE_CD_BACIA_266,8325
located_in,UNIDADE_LITO,BACIA,#formacao_142,#BASE_CD_BACIA_281,8370
constituted_by,UNIDADE_LITO,ROCHA,#formacao_242,#sandstone,8398
part_of,UNIDADE_LITO,UNIDADE_LITO,#membro_019,#formacao_242,8398
constituted_by,UNIDADE_LITO,ROCHA,#membro_019,#sandstone,8398
located_in,UNIDADE_LITO,BACIA,#grupo_033,#BASE_CD_BACIA_300,8409
located_in,UNIDADE_LITO,BACIA,#grupo_062,#BASE_CD_BACIA_300,8409
part_of,UNIDADE_LITO,UNIDADE_LITO,#membro_022,#formacao_113,8410
part_of,UNIDADE_LITO,UNIDADE_LITO,#formacao_259,#grupo_033,8410
part_of,UNIDADE_LITO,UNIDADE_LITO,#membro_020,#formacao_242,8410
part_of,UNIDADE_LITO,UNIDADE_LITO,#formacao_113,#grupo_033,8410
part_of,UNIDADE_LITO,UNIDADE_LITO,#formacao_259,#grupo_033,8410
part_of,UNIDADE_LITO,UNIDADE_LITO,#formacao_242,#grupo_033,8410
located_in,UNIDADE_LITO,BACIA,#grupo_033,#basin,8411
constituted_by,UNIDADE_LITO,ROCHA,#grupo_062,#coal,8412
part_of,UNIDADE_LITO,UNIDADE_LITO,#formacao_294,#grupo_062,8412
part_of,UNIDADE_LITO,UNIDADE_LITO,#membro_002,#formacao_294,8412
part_of,UNIDADE_LITO,UNIDADE_LITO,#membro_042,#formacao_294,8412
part_of,UNIDADE_LITO,UNIDADE_LITO,#membro_037,#formacao_294,8412
part_of,UNIDADE_LITO,UNIDADE_LITO,#membro_002,#formacao_294,8413
located_in,POÇO,BACIA,#well,#BASE_CD_BACIA_300,8417
crosses,POÇO,UNIDADE_LITO,#well,#formacao_242,8417
crosses,POÇO,UNIDADE_LITO,#well,#formacao_294,8417
located_in,POÇO,BACIA,#POCO_CD_POCO_012120,#BASE_CD_BACIA_300,8417
crosses,POÇO,UNIDADE_LITO,#POCO_CD_POCO_012120,#formacao_242,8417
crosses,POÇO,UNIDADE_LITO,#POCO_CD_POCO_012120,#formacao_294,8417
located_in,POÇO,BACIA,#POCO_CD_POCO_012097,#BASE_CD_BACIA_300,8417
crosses,POÇO,UNIDADE_LITO,#POCO_CD_POCO_012097,#formacao_242,8417
crosses,POÇO,UNIDADE_LITO,#POCO_CD_POCO_012097,#formacao_294,8417
located_in,UNIDADE_LITO,BACIA,#formacao_242,#BASE_CD_BACIA_300,8417
located_in,UNIDADE_LITO,BACIA,#formacao_294,#BASE_CD_BACIA_300,8417
constituted_by,UNIDADE_LITO,ROCHA,#grupo_033,#conglomerate,8419
constituted_by,UNIDADE_LITO,ROCHA,#grupo_033,#sandstone,8419
constituted_by,UNIDADE_LITO,ROCHA,#grupo_033,#diamictite,8419
constituted_by,UNIDADE_LITO,ROCHA,#grupo_033,#siltstone,8419
constituted_by,UNIDADE_LITO,ROCHA,#grupo_033,#shale,8419
part_of,UNIDADE_LITO,UNIDADE_LITO,#formacao_113,#grupo_033,8419
constituted_by,UNIDADE_LITO,ROCHA,#formacao_113,#conglomerate,8419
constituted_by,UNIDADE_LITO,ROCHA,#formacao_113,#sandstone,8419
constituted_by,UNIDADE_LITO,ROCHA,#formacao_113,#diamictite,8419
constituted_by,UNIDADE_LITO,ROCHA,#formacao_113,#siltstone,8419
constituted_by,UNIDADE_LITO,ROCHA,#formacao_113,#shale,8419
part_of,UNIDADE_LITO,UNIDADE_LITO,#formacao_259,#grupo_033,8419
constituted_by,UNIDADE_LITO,ROCHA,#formacao_259,#conglomerate,8419
constituted_by,UNIDADE_LITO,ROCHA,#formacao_259,#sandstone,8419
constituted_by,UNIDADE_LITO,ROCHA,#formacao_259,#diamictite,8419
constituted_by,UNIDADE_LITO,ROCHA,#formacao_259,#siltstone,8419
constituted_by,UNIDADE_LITO,ROCHA,#formacao_259,#shale,8419
part_of,UNIDADE_LITO,UNIDADE_LITO,#formacao_242,#grupo_033,8419
constituted_by,UNIDADE_LITO,ROCHA,#formacao_242,#conglomerate,8419
constituted_by,UNIDADE_LITO,ROCHA,#formacao_242,#sandstone,8419
constituted_by,UNIDADE_LITO,ROCHA,#formacao_242,#diamictite,8419
constituted_by,UNIDADE_LITO,ROCHA,#formacao_242,#siltstone,8419
constituted_by,UNIDADE_LITO,ROCHA,#formacao_242,#shale,8419
constituted_by,UNIDADE_LITO,ROCHA,#formacao_259,#shale,8421
constituted_by,UNIDADE_LITO,ROCHA,#membro_020,#shale,8421
constituted_by,UNIDADE_LITO,ROCHA,#formacao_259,#shale,8421
constituted_by,UNIDADE_LITO,ROCHA,#membro_020,#shale,8421
constituted_by,UNIDADE_LITO,ROCHA,#formacao_242,#diamictite,8422
constituted_by,UNIDADE_LITO,ROCHA,#formacao_242,#siltstone,8422
constituted_by,UNIDADE_LITO,ROCHA,#formacao_242,#shale,8422
part_of,UNIDADE_LITO,UNIDADE_LITO,#membro_019,#formacao_242,8422
constituted_by,UNIDADE_LITO,ROCHA,#membro_019,#diamictite,8422
constituted_by,UNIDADE_LITO,ROCHA,#membro_019,#siltstone,8422
constituted_by,UNIDADE_LITO,ROCHA,#membro_019,#shale,8422
part_of,UNIDADE_LITO,UNIDADE_LITO,#membro_000,#formacao_242,8422
constituted_by,UNIDADE_LITO,ROCHA,#membro_000,#diamictite,8422
constituted_by,UNIDADE_LITO,ROCHA,#membro_000,#siltstone,8422
constituted_by,UNIDADE_LITO,ROCHA,#membro_000,#shale,8422
part_of,UNIDADE_LITO,UNIDADE_LITO,#membro_020,#formacao_242,8422
constituted_by,UNIDADE_LITO,ROCHA,#membro_020,#diamictite,8422
constituted_by,UNIDADE_LITO,ROCHA,#membro_020,#siltstone,8422
constituted_by,UNIDADE_LITO,ROCHA,#membro_020,#shale,8422
part_of,UNIDADE_LITO,UNIDADE_LITO,#formacao_294,#grupo_062,8423
part_of,UNIDADE_LITO,UNIDADE_LITO,#formacao_116,#grupo_062,8423
part_of,UNIDADE_LITO,UNIDADE_LITO,#membro_002,#formacao_294,8423
part_of,UNIDADE_LITO,UNIDADE_LITO,#membro_042,#formacao_294,8423
part_of,UNIDADE_LITO,UNIDADE_LITO,#membro_037,#formacao_294,8423
located_in,POÇO,BACIA,#well,#basin,8425
located_in,POÇO,BACIA,#well,#basin,8425
located_in,POÇO,BACIA,#POCO_CD_POCO_012120,#basin,8425
located_in,POÇO,BACIA,#POCO_CD_POCO_012120,#basin,8425
located_in,POÇO,BACIA,#POCO_CD_POCO_012097,#basin,8425
located_in,POÇO,BACIA,#POCO_CD_POCO_012097,#basin,8425
part_of,UNIDADE_LITO,UNIDADE_LITO,#membro_019,#formacao_242,8427
part_of,UNIDADE_LITO,UNIDADE_LITO,#membro_020,#formacao_242,8427
located_in,UNIDADE_LITO,BACIA,#formacao_242,#basin,8429
constituted_by,UNIDADE_LITO,ROCHA,#SD_000,#sandstone,8454
constituted_by,UNIDADE_LITO,ROCHA,#SD_000,#shale,8454
constituted_by,UNIDADE_LITO,ROCHA,#SD_000,#conglomerate,8454
crosses,POÇO,UNIDADE_LITO,#well,#formacao_242,8517
constituted_by,UNIDADE_LITO,ROCHA,#membro_019,#sandstone,8519
constituted_by,UNIDADE_LITO,ROCHA,#formacao_242,#shale,8534
part_of,UNIDADE_LITO,UNIDADE_LITO,#formacao_242,#grupo_033,8549
part_of,UNIDADE_LITO,UNIDADE_LITO,#membro_002,#formacao_294,8549
located_in,POÇO,BACIA,#well,#BASE_CD_BACIA_300,8550
crosses,POÇO,UNIDADE_LITO,#well,#membro_019,8551
constituted_by,UNIDADE_LITO,ROCHA,#formacao_242,#sandstone,8553
constituted_by,UNIDADE_LITO,ROCHA,#formacao_242,#sandstone,8553
constituted_by,UNIDADE_LITO,ROCHA,#formacao_242,#shale,8553
crosses,POÇO,UNIDADE_LITO,#well,#formacao_242,8553
part_of,UNIDADE_LITO,UNIDADE_LITO,#membro_002,#formacao_294,8569
located_in,UNIDADE_LITO,BACIA,#grupo_033,#BASE_CD_BACIA_300,8571
located_in,UNIDADE_LITO,BACIA,#formacao_294,#BASE_CD_BACIA_300,8581
located_in,UNIDADE_LITO,BACIA,#grupo_033,#BASE_CD_BACIA_300,8585
located_in,POÇO,BACIA,#well,#BASE_CD_BACIA_281,8923
located_in,POÇO,BACIA,#well,#BASE_CD_BACIA_281,8934
located_in,POÇO,BACIA,#well,#BASE_CD_BACIA_281,8941
located_in,CAMPO,BACIA,#CAMP_CD_CAMPO_0174,#BASE_CD_BACIA_116,9499
located_in,POÇO,BACIA,#well,#BASE_CD_BACIA_281,9537
located_in,POÇO,BACIA,#well,#BASE_CD_BACIA_316,9537
located_in,POÇO,BACIA,#well,#BASE_CD_BACIA_270,9537
located_in,POÇO,BACIA,#well,#BASE_CD_BACIA_100,9537
located_in,POÇO,BACIA,#well,#BASE_CD_BACIA_270,9538
crosses,POÇO,UNIDADE_LITO,#well,#SD_000,9736
crosses,POÇO,UNIDADE_LITO,#well,#SD_000,9736
located_in,UNIDADE_LITO,BACIA,#SD_000,#basin,9738
located_in,UNIDADE_LITO,BACIA,#SD_000,#basin,9742
constituted_by,UNIDADE_LITO,ROCHA,#formacao_158,#limestone,9751
crosses,POÇO,UNIDADE_LITO,#well,#SD_000,9759
located_in,POÇO,BACIA,#well,#basin,9759
located_in,UNIDADE_LITO,BACIA,#SD_000,#basin,9759
located_in,UNIDADE_LITO,BACIA,#SD_000,#basin,9760
crosses,POÇO,UNIDADE_LITO,#well,#SD_000,9761
crosses,POÇO,UNIDADE_LITO,#well,#SD_000,9761
crosses,POÇO,UNIDADE_LITO,#well,#SD_000,9762
crosses,POÇO,UNIDADE_LITO,#well,#SD_000,9762
crosses,POÇO,UNIDADE_LITO,#well,#formacao_158,9796
crosses,POÇO,UNIDADE_LITO,#well,#formacao_341,9799
located_in,POÇO,BACIA,#well,#BASE_CD_BACIA_106,9799
located_in,UNIDADE_LITO,BACIA,#formacao_341,#BASE_CD_BACIA_106,9799
located_in,UNIDADE_LITO,BACIA,#SD_000,#basin,9803
located_in,UNIDADE_LITO,BACIA,#SD_000,#basin,9803
crosses,POÇO,UNIDADE_LITO,#well,#SD_000,9806
located_in,UNIDADE_LITO,BACIA,#SD_000,#basin,9876
located_in,UNIDADE_LITO,BACIA,#SD_000,#basin,9876
constituted_by,UNIDADE_LITO,ROCHA,#SD_000,#volcanic_rock,9991
located_in,POÇO,CAMPO,#well,#CAMP_CD_CAMPO_0951,10713
crosses,POÇO,UNIDADE_LITO,#well,#formacao_236,10713
located_in,POÇO,BACIA,#well,#BASE_CD_BACIA_116,10713
located_in,CAMPO,BACIA,#CAMP_CD_CAMPO_0951,#BASE_CD_BACIA_116,10713
located_in,UNIDADE_LITO,BACIA,#formacao_236,#BASE_CD_BACIA_116,10713
located_in,UNIDADE_LITO,BACIA,#formacao_236,#basin,10726
located_in,POÇO,CAMPO,#well,#CAMP_CD_CAMPO_0951,10749
located_in,CAMPO,BACIA,#CAMP_CD_CAMPO_0951,#basin,10756
located_in,UNIDADE_LITO,BACIA,#formacao_236,#BASE_CD_BACIA_116,10770
located_in,UNIDADE_LITO,BACIA,#formacao_236,#BASE_CD_BACIA_116,10862
located_in,UNIDADE_LITO,BACIA,#formacao_131,#BASE_CD_BACIA_116,10862
located_in,UNIDADE_LITO,BACIA,#grupo_017,#BASE_CD_BACIA_116,10946
located_in,UNIDADE_LITO,BACIA,#formacao_027,#BASE_CD_BACIA_116,10946
part_of,UNIDADE_LITO,UNIDADE_LITO,#formacao_027,#grupo_017,10946
located_in,UNIDADE_LITO,BACIA,#formacao_117,#BASE_CD_BACIA_116,10946
located_in,UNIDADE_LITO,BACIA,#formacao_121,#BASE_CD_BACIA_051,10946
located_in,POÇO,BACIA,#well,#basin,10947
constituted_by,UNIDADE_LITO,ROCHA,#formacao_121,#shale,10991
located_in,POÇO,BACIA,#well,#basin,10999
located_in,POÇO,BACIA,#well,#basin,10999
located_in,POÇO,CAMPO,#well,#field,11571
located_in,POÇO,CAMPO,#well,#field,11571
located_in,POÇO,CAMPO,#well,#field,11643
crosses,POÇO,UNIDADE_LITO,#well,#membro_078,11645
located_in,POÇO,CAMPO,#well,#CAMP_CD_CAMPO_0249,11675
located_in,POÇO,CAMPO,#well,#field,11710
located_in,POÇO,CAMPO,#well,#field,11710
located_in,POÇO,CAMPO,#well,#field,11710
located_in,POÇO,CAMPO,#well,#field,11710
located_in,POÇO,CAMPO,#well,#field,11710
located_in,POÇO,CAMPO,#well,#field,11714
located_in,POÇO,CAMPO,#well,#field,11714
located_in,POÇO,CAMPO,#well,#field,11714
located_in,POÇO,CAMPO,#well,#field,11714
located_in,POÇO,CAMPO,#well,#field,11714
crosses,POÇO,UNIDADE_LITO,#well,#membro_060,11714
crosses,POÇO,UNIDADE_LITO,#well,#membro_078,11714
located_in,POÇO,CAMPO,#well,#CAMP_CD_CAMPO_0362,11714
located_in,POÇO,CAMPO,#well,#field,11714
located_in,POÇO,CAMPO,#well,#field,11714
located_in,POÇO,CAMPO,#well,#field,11714
located_in,POÇO,CAMPO,#well,#field,11714
located_in,POÇO,CAMPO,#well,#field,11714
crosses,POÇO,UNIDADE_LITO,#well,#membro_060,11714
crosses,POÇO,UNIDADE_LITO,#well,#membro_078,11714
located_in,POÇO,CAMPO,#well,#CAMP_CD_CAMPO_0362,11714
located_in,POÇO,CAMPO,#well,#field,11714
located_in,POÇO,CAMPO,#well,#field,11714
located_in,POÇO,CAMPO,#well,#field,11714
located_in,POÇO,CAMPO,#well,#field,11714
located_in,POÇO,CAMPO,#well,#field,11714
crosses,POÇO,UNIDADE_LITO,#well,#membro_060,11714
crosses,POÇO,UNIDADE_LITO,#well,#membro_078,11714
located_in,POÇO,CAMPO,#well,#CAMP_CD_CAMPO_0362,11714
located_in,POÇO,CAMPO,#well,#field,11714
located_in,POÇO,CAMPO,#well,#field,11714
located_in,POÇO,CAMPO,#well,#field,11714
located_in,POÇO,CAMPO,#well,#field,11714
located_in,POÇO,CAMPO,#well,#field,11714
crosses,POÇO,UNIDADE_LITO,#well,#membro_060,11714
crosses,POÇO,UNIDADE_LITO,#well,#membro_078,11714
located_in,POÇO,CAMPO,#well,#CAMP_CD_CAMPO_0362,11714
located_in,POÇO,CAMPO,#well,#field,11714
located_in,POÇO,CAMPO,#well,#field,11714
located_in,POÇO,CAMPO,#well,#field,11714
located_in,POÇO,CAMPO,#well,#field,11714
located_in,POÇO,CAMPO,#well,#field,11714
crosses,POÇO,UNIDADE_LITO,#well,#membro_060,11714
crosses,POÇO,UNIDADE_LITO,#well,#membro_078,11714
located_in,POÇO,CAMPO,#well,#CAMP_CD_CAMPO_0362,11714
located_in,POÇO,CAMPO,#well,#field,11714
located_in,POÇO,CAMPO,#well,#field,11714
located_in,POÇO,CAMPO,#well,#field,11714
located_in,POÇO,CAMPO,#well,#field,11714
located_in,POÇO,CAMPO,#well,#field,11714
crosses,POÇO,UNIDADE_LITO,#well,#membro_060,11714
crosses,POÇO,UNIDADE_LITO,#well,#membro_078,11714
located_in,POÇO,CAMPO,#well,#CAMP_CD_CAMPO_0362,11714
located_in,POÇO,CAMPO,#well,#field,11715
located_in,CAMPO,BACIA,#CAMP_CD_CAMPO_0444,#BASE_CD_BACIA_270,11774
located_in,CAMPO,BACIA,#CAMP_CD_CAMPO_0444,#BASE_CD_BACIA_270,11848
located_in,CAMPO,BACIA,#CAMP_CD_CAMPO_0444,#BASE_CD_BACIA_270,11861
located_in,UNIDADE_LITO,BACIA,#grupo_000,#BASE_CD_BACIA_281,11910
constituted_by,UNIDADE_LITO,ROCHA,#grupo_000,#marlstone,11910
constituted_by,UNIDADE_LITO,ROCHA,#grupo_000,#shale,11910
has_age,UNIDADE_LITO,UNIDADE_CRONO,#grupo_000,#Albian,11910
constituted_by,UNIDADE_LITO,ROCHA,#formacao_239,#sandstone,12149
constituted_by,UNIDADE_LITO,ROCHA,#formacao_239,#sandstone,12157
located_in,UNIDADE_LITO,BACIA,#formacao_239,#BASE_CD_BACIA_266,12157
located_in,UNIDADE_LITO,BACIA,#formacao_239,#BASE_CD_BACIA_266,12157
part_of,UNIDADE_LITO,UNIDADE_LITO,#formacao_335,#grupo_022,12159
has_age,UNIDADE_LITO,UNIDADE_CRONO,#formacao_335,#Dom_Joao_Age,12159
constituted_by,UNIDADE_LITO,ROCHA,#formacao_239,#sandstone,12172
constituted_by,UNIDADE_LITO,ROCHA,#formacao_239,#sandstone,12260
constituted_by,UNIDADE_LITO,ROCHA,#formacao_239,#sandstone,12264
constituted_by,UNIDADE_LITO,ROCHA,#membro_025,#shale,12270
part_of,UNIDADE_LITO,UNIDADE_LITO,#membro_025,#formacao_095,12270
constituted_by,UNIDADE_LITO,ROCHA,#membro_070,#shale,12270
part_of,UNIDADE_LITO,UNIDADE_LITO,#membro_070,#formacao_095,12270
constituted_by,UNIDADE_LITO,ROCHA,#formacao_095,#shale,12270
constituted_by,UNIDADE_LITO,ROCHA,#formacao_239,#sandstone,12282
constituted_by,UNIDADE_LITO,ROCHA,#formacao_239,#sandstone,12329
constituted_by,UNIDADE_LITO,ROCHA,#formacao_239,#sandstone,12332
located_in,CAMPO,BACIA,#CAMP_CD_CAMPO_0363,#BASE_CD_BACIA_240,12373
located_in,CAMPO,BACIA,#CAMP_CD_CAMPO_0363,#BASE_CD_BACIA_240,12373
located_in,CAMPO,BACIA,#CAMP_CD_CAMPO_0362,#BASE_CD_BACIA_240,12390
located_in,CAMPO,BACIA,#field,#BASE_CD_BACIA_100,12413
located_in,CAMPO,BACIA,#field,#basin,12416
located_in,POÇO,CAMPO,#well,#CAMP_CD_CAMPO_0929,12420
located_in,UNIDADE_LITO,BACIA,#SD_000,#basin,12426
located_in,POÇO,BACIA,#well,#basin,12438
located_in,POÇO,BACIA,#POCO_CD_POCO_017478,#basin,12438
located_in,POÇO,BACIA,#POCO_CD_POCO_016511,#basin,12438
located_in,UNIDADE_LITO,BACIA,#formacao_253,#basin,12440
located_in,UNIDADE_LITO,BACIA,#formacao_253,#BASE_CD_BACIA_100,12440
located_in,UNIDADE_LITO,BACIA,#formacao_253,#BASE_CD_BACIA_100,12440
located_in,UNIDADE_LITO,BACIA,#formacao_253,#basin,12443
located_in,CAMPO,BACIA,#CAMP_CD_CAMPO_0725,#basin,12445
located_in,POÇO,BACIA,#well,#basin,12455
has_age,UNIDADE_LITO,UNIDADE_CRONO,#formacao_056,#Alagoas_Age,12463
located_in,UNIDADE_LITO,BACIA,#formacao_185,#basin,12466
located_in,UNIDADE_LITO,BACIA,#formacao_003,#basin,12466
located_in,UNIDADE_LITO,BACIA,#formacao_210,#basin,12466
constituted_by,UNIDADE_LITO,FLUIDODATERRA_i,#formacao_056,#oil,12469
constituted_by,UNIDADE_LITO,FLUIDODATERRA_i,#formacao_319,#oil,12469
located_in,UNIDADE_LITO,BACIA,#formacao_253,#basin,12474
located_in,POÇO,CAMPO,#well,#CAMP_CD_CAMPO_0388,12476
located_in,POÇO,CAMPO,#well,#CAMP_CD_CAMPO_0494,12476
located_in,POÇO,CAMPO,#well,#CAMP_CD_CAMPO_0533,12476
located_in,CAMPO,BACIA,#CAMP_CD_CAMPO_0929,#BASE_CD_BACIA_100,12512
located_in,UNIDADE_LITO,BACIA,#formacao_253,#BASE_CD_BACIA_100,12519
located_in,UNIDADE_LITO,BACIA,#formacao_253,#BASE_CD_BACIA_100,12524
located_in,UNIDADE_LITO,BACIA,#SD_000,#basin,12591
crosses,POÇO,UNIDADE_LITO,#well,#SD_000,12591
located_in,POÇO,BACIA,#well,#basin,12591
located_in,UNIDADE_LITO,BACIA,#SD_000,#basin,12658
located_in,UNIDADE_LITO,BACIA,#SD_000,#basin,12686
located_in,UNIDADE_LITO,BACIA,#SD_000,#basin,12697
located_in,UNIDADE_LITO,BACIA,#SD_000,#basin,12735
located_in,UNIDADE_LITO,BACIA,#SD_000,#basin,12740
located_in,CAMPO,BACIA,#field,#BASE_CD_BACIA_116,12753
located_in,CAMPO,BACIA,#CAMP_CD_CAMPO_0017,#BASE_CD_BACIA_281,12875
located_in,POÇO,BACIA,#well,#BASE_CD_BACIA_116,12927
located_in,POÇO,BACIA,#POCO_CD_POCO_009032,#BASE_CD_BACIA_116,12927
located_in,POÇO,BACIA,#POCO_CD_POCO_006882,#BASE_CD_BACIA_116,12927
located_in,POÇO,BACIA,#POCO_CD_POCO_007140,#BASE_CD_BACIA_116,12927
located_in,CAMPO,BACIA,#CAMP_CD_CAMPO_0932,#BASE_CD_BACIA_240,13059
located_in,POÇO,BACIA,#well,#BASE_CD_BACIA_230,13079
located_in,POÇO,BACIA,#well,#basin,13085
located_in,POÇO,BACIA,#well,#BASE_CD_BACIA_230,13085
located_in,POÇO,CAMPO,#well,#field,13085
located_in,POÇO,CAMPO,#well,#CAMP_CD_CAMPO_0803,13085
located_in,CAMPO,BACIA,#field,#basin,13085
located_in,CAMPO,BACIA,#field,#BASE_CD_BACIA_230,13085
located_in,CAMPO,BACIA,#CAMP_CD_CAMPO_0803,#basin,13085
located_in,CAMPO,BACIA,#CAMP_CD_CAMPO_0803,#BASE_CD_BACIA_230,13085
located_in,POÇO,BACIA,#well,#BASE_CD_BACIA_220,13086
located_in,POÇO,BACIA,#well,#BASE_CD_BACIA_215,13086
located_in,POÇO,BACIA,#well,#BASE_CD_BACIA_210,13086
located_in,POÇO,BACIA,#well,#BASE_CD_BACIA_230,13090
located_in,UNIDADE_LITO,BACIA,#formacao_305,#BASE_CD_BACIA_215,13091
located_in,UNIDADE_LITO,BACIA,#SD_000,#basin,13097
located_in,UNIDADE_LITO,BACIA,#SD_000,#basin,13098
located_in,UNIDADE_LITO,BACIA,#SD_000,#basin,13099
located_in,UNIDADE_LITO,BACIA,#SD_000,#basin,13099
located_in,UNIDADE_LITO,BACIA,#SD_000,#basin,13106
constituted_by,UNIDADE_LITO,ROCHA,#SD_000,#granite,13111
has_age,UNIDADE_LITO,UNIDADE_CRONO,#formacao_286,#Alagoas_Age,13120
located_in,POÇO,BACIA,#well,#BASE_CD_BACIA_230,13133
located_in,POÇO,BACIA,#well,#basin,13143
located_in,POÇO,BACIA,#well,#BASE_CD_BACIA_220,13143
located_in,UNIDADE_LITO,BACIA,#SD_000,#basin,13149
located_in,UNIDADE_LITO,BACIA,#SD_000,#basin,13208
located_in,CAMPO,BACIA,#CAMP_CD_CAMPO_0477,#BASE_CD_BACIA_230,13216
part_of,UNIDADE_LITO,UNIDADE_LITO,#membro_070,#formacao_095,13234
located_in,POÇO,BACIA,#well,#basin,13243
located_in,POÇO,BACIA,#well,#basin,13245
located_in,POÇO,BACIA,#well,#BASE_CD_BACIA_230,13245
located_in,POÇO,BACIA,#well,#BASE_CD_BACIA_220,13245
located_in,POÇO,BACIA,#well,#BASE_CD_BACIA_215,13245
located_in,POÇO,BACIA,#well,#basin,13245
located_in,POÇO,BACIA,#well,#BASE_CD_BACIA_230,13245
located_in,POÇO,BACIA,#well,#basin,13245
crosses,POÇO,UNIDADE_LITO,#well,#formacao_305,13245
located_in,POÇO,BACIA,#well,#BASE_CD_BACIA_215,13245
located_in,UNIDADE_LITO,BACIA,#formacao_305,#basin,13245
located_in,UNIDADE_LITO,BACIA,#formacao_305,#BASE_CD_BACIA_215,13245
located_in,UNIDADE_LITO,BACIA,#formacao_305,#basin,13245
located_in,UNIDADE_LITO,BACIA,#formacao_305,#basin,13245
located_in,UNIDADE_LITO,BACIA,#formacao_305,#BASE_CD_BACIA_215,13245
located_in,POÇO,BACIA,#well,#basin,13332
located_in,POÇO,BACIA,#well,#BASE_CD_BACIA_076,13332
located_in,POÇO,BACIA,#well,#BASE_CD_BACIA_076,13332
located_in,POÇO,BACIA,#well,#BASE_CD_BACIA_076,13358
located_in,POÇO,BACIA,#well,#BASE_CD_BACIA_076,13358
located_in,POÇO,BACIA,#POCO_CD_POCO_023049,#BASE_CD_BACIA_076,13358
located_in,POÇO,BACIA,#POCO_CD_POCO_023049,#BASE_CD_BACIA_076,13358
located_in,POÇO,BACIA,#POCO_CD_POCO_023087,#basin,13403
located_in,POÇO,BACIA,#POCO_CD_POCO_023087,#basin,13403
located_in,POÇO,BACIA,#POCO_CD_POCO_023104,#basin,13403
located_in,POÇO,BACIA,#POCO_CD_POCO_023104,#basin,13403
located_in,POÇO,BACIA,#well,#basin,13429
located_in,POÇO,BACIA,#POCO_CD_POCO_012914,#BASE_CD_BACIA_096,13499
located_in,CAMPO,BACIA,#CAMP_CD_CAMPO_0017,#BASE_CD_BACIA_281,14220
located_in,CAMPO,BACIA,#CAMP_CD_CAMPO_0017,#BASE_CD_BACIA_281,14235
constituted_by,UNIDADE_LITO,ROCHA,#grupo_000,#sandstone,14236
constituted_by,UNIDADE_LITO,ROCHA,#grupo_009,#sandstone,14236
constituted_by,UNIDADE_LITO,ROCHA,#formacao_110,#sandstone,14236
part_of,UNIDADE_LITO,UNIDADE_LITO,#formacao_110,#grupo_009,14236
located_in,CAMPO,BACIA,#CAMP_CD_CAMPO_0017,#basin,14272
located_in,POÇO,CAMPO,#well,#CAMP_CD_CAMPO_0017,14349
located_in,POÇO,BACIA,#well,#BASE_CD_BACIA_281,14349
located_in,CAMPO,BACIA,#CAMP_CD_CAMPO_0017,#BASE_CD_BACIA_281,14349
constituted_by,UNIDADE_LITO,ROCHA,#formacao_210,#shale,14380
constituted_by,UNIDADE_LITO,ROCHA,#formacao_210,#siltstone,14380
constituted_by,UNIDADE_LITO,NÃOCONSOLID,#formacao_210,#clay,14380
constituted_by,UNIDADE_LITO,ROCHA,#formacao_210,#sandstone,14380
crosses,POÇO,UNIDADE_LITO,#POCO_CD_POCO_017402,#formacao_210,14381
located_in,UNIDADE_LITO,BACIA,#grupo_001,#basin,14523
located_in,UNIDADE_LITO,BACIA,#grupo_001,#basin,14529
located_in,CAMPO,BACIA,#CAMP_CD_CAMPO_0523,#BASE_CD_BACIA_281,14563
located_in,CAMPO,BACIA,#field,#basin,14566
located_in,CAMPO,BACIA,#CAMP_CD_CAMPO_0750,#basin,14566
located_in,CAMPO,BACIA,#CAMP_CD_CAMPO_0523,#basin,14566
located_in,CAMPO,BACIA,#CAMP_CD_CAMPO_0634,#basin,14566
located_in,CAMPO,BACIA,#CAMP_CD_CAMPO_0128,#basin,14566
located_in,CAMPO,BACIA,#CAMP_CD_CAMPO_0152,#basin,14566
located_in,CAMPO,BACIA,#CAMP_CD_CAMPO_0373,#basin,14566
crosses,POÇO,UNIDADE_LITO,#well,#grupo_000,14576
located_in,UNIDADE_LITO,BACIA,#grupo_000,#BASE_CD_BACIA_281,14639
located_in,UNIDADE_LITO,BACIA,#grupo_000,#BASE_CD_BACIA_281,14639
crosses,POÇO,UNIDADE_LITO,#well,#grupo_001,14643
located_in,POÇO,BACIA,#POCO_CD_POCO_020738,#basin,14644
located_in,UNIDADE_LITO,BACIA,#formacao_254,#BASE_CD_BACIA_300,14653
located_in,UNIDADE_LITO,BACIA,#formacao_254,#BASE_CD_BACIA_300,14655
constituted_by,UNIDADE_LITO,ROCHA,#formacao_254,#shale,14659
located_in,UNIDADE_LITO,BACIA,#SD_000,#basin,14674
constituted_by,UNIDADE_LITO,ROCHA,#formacao_254,#sandstone,14942
constituted_by,UNIDADE_LITO,ROCHA,#formacao_254,#shale,14942
constituted_by,UNIDADE_LITO,ROCHA,#formacao_193,#siltstone,14955
part_of,UNIDADE_LITO,UNIDADE_LITO,#formacao_224,#grupo_018,14957
constituted_by,UNIDADE_LITO,ROCHA,#formacao_193,#sandstone,14959
constituted_by,UNIDADE_LITO,ROCHA,#formacao_193,#sandstone,14961
constituted_by,UNIDADE_LITO,ROCHA,#formacao_193,#sandstone,14961
constituted_by,UNIDADE_LITO,ROCHA,#formacao_207,#sandstone,14961
constituted_by,UNIDADE_LITO,ROCHA,#formacao_207,#sandstone,14961
constituted_by,UNIDADE_LITO,ROCHA,#SD_000,#sandstone,14980
constituted_by,UNIDADE_LITO,ROCHA,#formacao_224,#siltstone,14992
constituted_by,UNIDADE_LITO,ROCHA,#SD_000,#diabase,15042
constituted_by,UNIDADE_LITO,ROCHA,#formacao_254,#sandstone,15046
constituted_by,UNIDADE_LITO,ROCHA,#formacao_254,#shale,15052
located_in,UNIDADE_LITO,BACIA,#SD_000,#basin,15156
constituted_by,UNIDADE_LITO,ROCHA,#formacao_254,#shale,15170
constituted_by,UNIDADE_LITO,ROCHA,#formacao_254,#sandstone,15170
constituted_by,UNIDADE_LITO,ROCHA,#formacao_294,#shale,15170
constituted_by,UNIDADE_LITO,ROCHA,#formacao_294,#sandstone,15170
part_of,UNIDADE_LITO,UNIDADE_LITO,#membro_058,#formacao_254,15171
located_in,UNIDADE_LITO,BACIA,#formacao_254,#basin,15171
constituted_by,UNIDADE_LITO,ROCHA,#formacao_294,#sandstone,15173
located_in,UNIDADE_LITO,BACIA,#SD_000,#basin,15198
located_in,UNIDADE_LITO,BACIA,#SD_000,#basin,15270
constituted_by,UNIDADE_LITO,ROCHA,#formacao_294,#igneous_rock,15319
crosses,POÇO,UNIDADE_LITO,#well,#formacao_294,15348
crosses,POÇO,UNIDADE_LITO,#well,#formacao_254,15348
crosses,POÇO,UNIDADE_LITO,#POCO_CD_POCO_012020,#formacao_294,15348
crosses,POÇO,UNIDADE_LITO,#POCO_CD_POCO_012020,#formacao_254,15348
crosses,POÇO,UNIDADE_LITO,#POCO_CD_POCO_012020,#formacao_294,15348
crosses,POÇO,UNIDADE_LITO,#POCO_CD_POCO_012020,#formacao_254,15348
located_in,UNIDADE_LITO,BACIA,#grupo_048,#BASE_CD_BACIA_300,15411
crosses,POÇO,UNIDADE_LITO,#well,#SD_000,15479
located_in,CAMPO,BACIA,#CAMP_CD_CAMPO_0239,#BASE_CD_BACIA_281,15485
located_in,POÇO,BACIA,#POCO_CD_POCO_012186,#BASE_CD_BACIA_316,15641
located_in,POÇO,BACIA,#POCO_CD_POCO_011911,#BASE_CD_BACIA_316,15641
located_in,POÇO,BACIA,#POCO_CD_POCO_012153,#BASE_CD_BACIA_316,15641
located_in,POÇO,BACIA,#well,#BASE_CD_BACIA_116,15662
located_in,POÇO,BACIA,#well,#BASE_CD_BACIA_116,15662
located_in,POÇO,BACIA,#well,#BASE_CD_BACIA_270,15662
located_in,POÇO,BACIA,#well,#BASE_CD_BACIA_281,15662
located_in,CAMPO,BACIA,#CAMP_CD_CAMPO_0373,#BASE_CD_BACIA_281,15670
located_in,POÇO,BACIA,#well,#basin,15679
located_in,POÇO,BACIA,#well,#BASE_CD_BACIA_316,15737
located_in,POÇO,BACIA,#POCO_CD_POCO_012155,#BASE_CD_BACIA_316,15814
located_in,POÇO,BACIA,#POCO_CD_POCO_011907,#BASE_CD_BACIA_316,15827
located_in,POÇO,BACIA,#well,#BASE_CD_BACIA_020,15836
located_in,CAMPO,BACIA,#CAMP_CD_CAMPO_0880,#basin,15838
located_in,CAMPO,BACIA,#CAMP_CD_CAMPO_0631,#basin,15838
located_in,CAMPO,BACIA,#CAMP_CD_CAMPO_0575,#basin,15838
constituted_by,UNIDADE_LITO,ROCHA,#formacao_183,#shale,15839
constituted_by,UNIDADE_LITO,ROCHA,#formacao_183,#sandstone,15839
located_in,POÇO,BACIA,#well,#BASE_CD_BACIA_020,15852
constituted_by,UNIDADE_LITO,ROCHA,#formacao_183,#shale,15853
constituted_by,UNIDADE_LITO,ROCHA,#formacao_183,#shale,15865
located_in,POÇO,BACIA,#well,#BASE_CD_BACIA_030,15889
located_in,POÇO,BACIA,#well,#BASE_CD_BACIA_020,15889
located_in,POÇO,CAMPO,#well,#field,15905
located_in,POÇO,BACIA,#well,#basin,15962
located_in,POÇO,BACIA,#well,#basin,15962
located_in,POÇO,BACIA,#well,#BASE_CD_BACIA_106,15968
located_in,POÇO,BACIA,#well,#basin,15968
crosses,POÇO,UNIDADE_LITO,#well,#formacao_136,15973
located_in,POÇO,BACIA,#well,#basin,15979
located_in,POÇO,BACIA,#POCO_CD_POCO_006789,#basin,15979
located_in,POÇO,BACIA,#POCO_CD_POCO_006789,#basin,15997
located_in,POÇO,BACIA,#POCO_CD_POCO_006789,#BASE_CD_BACIA_106,16004
located_in,POÇO,BACIA,#well,#basin,16021
located_in,POÇO,CAMPO,#well,#CAMP_CD_CAMPO_0536,16115
located_in,CAMPO,BACIA,#CAMP_CD_CAMPO_0523,#BASE_CD_BACIA_281,16116
located_in,CAMPO,BACIA,#CAMP_CD_CAMPO_0179,#basin,16167
located_in,CAMPO,BACIA,#CAMP_CD_CAMPO_0179,#BASE_CD_BACIA_240,16167
part_of,UNIDADE_LITO,UNIDADE_LITO,#formacao_239,#grupo_022,16168
constituted_by,UNIDADE_LITO,ROCHA,#formacao_239,#sandstone,16170
located_in,POÇO,BACIA,#well,#basin,16180
located_in,UNIDADE_LITO,BACIA,#formacao_187,#basin,16183
located_in,POÇO,BACIA,#well,#basin,16189
located_in,POÇO,BACIA,#well,#BASE_CD_BACIA_300,16189
located_in,POÇO,BACIA,#well,#basin,16189
located_in,POÇO,BACIA,#well,#basin,16193
located_in,POÇO,BACIA,#well,#BASE_CD_BACIA_090,16193
located_in,CAMPO,BACIA,#field,#basin,16194
located_in,POÇO,BACIA,#well,#basin,16194
located_in,POÇO,CAMPO,#well,#field,16194
located_in,POÇO,BACIA,#well,#basin,16195
located_in,POÇO,BACIA,#well,#basin,16195
located_in,POÇO,BACIA,#well,#BASE_CD_BACIA_240,16198
located_in,POÇO,BACIA,#well,#basin,16198
constituted_by,UNIDADE_LITO,ROCHA,#formacao_009,#sandstone,16199
located_in,POÇO,CAMPO,#well,#CAMP_CD_CAMPO_0249,16206
located_in,POÇO,BACIA,#POCO_CD_POCO_022975,#BASE_CD_BACIA_080,16207
crosses,POÇO,UNIDADE_LITO,#well,#SD_000,16208
located_in,POÇO,BACIA,#POCO_CD_POCO_017478,#BASE_CD_BACIA_100,16210
located_in,POÇO,BACIA,#POCO_CD_POCO_016511,#BASE_CD_BACIA_100,16210
located_in,POÇO,BACIA,#POCO_CD_POCO_020848,#basin,16212
crosses,POÇO,UNIDADE_LITO,#well,#SD_000,16213
crosses,POÇO,UNIDADE_LITO,#well,#SD_000,16216
located_in,POÇO,BACIA,#POCO_CD_POCO_020848,#BASE_CD_BACIA_270,16220
located_in,POÇO,BACIA,#POCO_CD_POCO_023745,#basin,16221
located_in,POÇO,BACIA,#POCO_CD_POCO_023745,#BASE_CD_BACIA_381,16221
located_in,POÇO,BACIA,#well,#basin,16222
crosses,POÇO,UNIDADE_LITO,#well,#SD_000,16227
located_in,POÇO,BACIA,#well,#BASE_CD_BACIA_281,16248
located_in,POÇO,BACIA,#well,#BASE_CD_BACIA_030,16256
located_in,POÇO,BACIA,#well,#basin,16257
located_in,POÇO,BACIA,#well,#BASE_CD_BACIA_080,16261
located_in,POÇO,BACIA,#well,#basin,16261
located_in,POÇO,BACIA,#POCO_CD_POCO_009908,#basin,16281
crosses,POÇO,UNIDADE_LITO,#POCO_CD_POCO_009422,#membro_060,16284
constituted_by,UNIDADE_LITO,ROCHA,#formacao_287,#sandstone,16289
constituted_by,UNIDADE_LITO,ROCHA,#formacao_287,#sandstone,16289
constituted_by,UNIDADE_LITO,ROCHA,#formacao_239,#sandstone,16289
constituted_by,UNIDADE_LITO,ROCHA,#formacao_239,#sandstone,16289
constituted_by,UNIDADE_LITO,ROCHA,#formacao_287,#sandstone,16290
located_in,POÇO,BACIA,#well,#BASE_CD_BACIA_240,16291
located_in,POÇO,BACIA,#well,#BASE_CD_BACIA_080,16299
located_in,POÇO,BACIA,#well,#BASE_CD_BACIA_381,16299
located_in,POÇO,BACIA,#well,#basin,16321
located_in,POÇO,BACIA,#POCO_CD_POCO_021472,#basin,16321
located_in,POÇO,BACIA,#well,#BASE_CD_BACIA_116,16334
located_in,POÇO,CAMPO,#well,#CAMP_CD_CAMPO_0536,16334
located_in,POÇO,BACIA,#POCO_CD_POCO_010831,#BASE_CD_BACIA_116,16334
located_in,POÇO,CAMPO,#POCO_CD_POCO_010831,#CAMP_CD_CAMPO_0536,16334
located_in,CAMPO,BACIA,#CAMP_CD_CAMPO_0536,#BASE_CD_BACIA_116,16334
located_in,CAMPO,BACIA,#CAMP_CD_CAMPO_0362,#BASE_CD_BACIA_240,16335
located_in,CAMPO,BACIA,#CAMP_CD_CAMPO_0004,#BASE_CD_BACIA_240,16335
located_in,POÇO,BACIA,#POCO_CD_POCO_024176,#BASE_CD_BACIA_281,16353
located_in,POÇO,BACIA,#POCO_CD_POCO_012091,#BASE_CD_BACIA_316,16356
crosses,POÇO,UNIDADE_LITO,#well,#formacao_331,16358
located_in,POÇO,BACIA,#well,#BASE_CD_BACIA_316,16358
located_in,UNIDADE_LITO,BACIA,#formacao_331,#BASE_CD_BACIA_316,16358
located_in,POÇO,BACIA,#well,#basin,16361
located_in,POÇO,BACIA,#POCO_CD_POCO_023172,#BASE_CD_BACIA_051,16362
located_in,POÇO,BACIA,#POCO_CD_POCO_023172,#basin,16362
located_in,CAMPO,BACIA,#field,#BASE_CD_BACIA_270,16368
located_in,POÇO,BACIA,#POCO_CD_POCO_024176,#BASE_CD_BACIA_281,16370
located_in,CAMPO,BACIA,#CAMP_CD_CAMPO_0975,#BASE_CD_BACIA_100,16378
located_in,UNIDADE_LITO,BACIA,#formacao_056,#BASE_CD_BACIA_100,16378
constituted_by,UNIDADE_LITO,ROCHA,#formacao_056,#sandstone,16378
constituted_by,UNIDADE_LITO,ROCHA,#formacao_056,#sandstone,16378
located_in,UNIDADE_LITO,BACIA,#formacao_253,#BASE_CD_BACIA_100,16378
constituted_by,UNIDADE_LITO,ROCHA,#formacao_253,#sandstone,16378
constituted_by,UNIDADE_LITO,ROCHA,#formacao_253,#sandstone,16378
located_in,POÇO,BACIA,#POCO_CD_POCO_025253,#BASE_CD_BACIA_281,16382
crosses,POÇO,UNIDADE_LITO,#well,#grupo_000,16383
constituted_by,UNIDADE_LITO,ROCHA,#grupo_000,#limestone,16399
located_in,POÇO,CAMPO,#POCO_CD_POCO_025010,#CAMP_CD_CAMPO_0523,16402
located_in,POÇO,CAMPO,#well,#field,16405
located_in,POÇO,CAMPO,#POCO_CD_POCO_024234,#field,16405
located_in,POÇO,CAMPO,#well,#field,16405
located_in,POÇO,BACIA,#POCO_CD_POCO_025253,#BASE_CD_BACIA_281,16408
located_in,POÇO,CAMPO,#well,#field,16412
constituted_by,UNIDADE_LITO,ROCHA,#formacao_110,#sandstone,16414
located_in,UNIDADE_LITO,BACIA,#formacao_110,#BASE_CD_BACIA_281,16414
located_in,CAMPO,BACIA,#CAMP_CD_CAMPO_0536,#BASE_CD_BACIA_116,16415
located_in,POÇO,CAMPO,#POCO_CD_POCO_024505,#CAMP_CD_CAMPO_0373,16421
crosses,POÇO,UNIDADE_LITO,#POCO_CD_POCO_024505,#formacao_110,16421
constituted_by,UNIDADE_LITO,ROCHA,#formacao_110,#limestone,16421
constituted_by,UNIDADE_LITO,ROCHA,#formacao_110,#sandstone,16421
located_in,POÇO,BACIA,#POCO_CD_POCO_023169,#BASE_CD_BACIA_051,16425
crosses,POÇO,UNIDADE_LITO,#POCO_CD_POCO_024384,#grupo_000,16427
located_in,CAMPO,BACIA,#CAMP_CD_CAMPO_0279,#BASE_CD_BACIA_281,16430
located_in,CAMPO,BACIA,#CAMP_CD_CAMPO_0027,#BASE_CD_BACIA_100,16448
located_in,CAMPO,BACIA,#CAMP_CD_CAMPO_0388,#BASE_CD_BACIA_100,16448
located_in,UNIDADE_LITO,BACIA,#formacao_253,#basin,16449
located_in,CAMPO,BACIA,#CAMP_CD_CAMPO_0929,#basin,16449
located_in,CAMPO,BACIA,#CAMP_CD_CAMPO_0725,#basin,16450
located_in,POÇO,BACIA,#POCO_CD_POCO_015948,#basin,16450
located_in,POÇO,CAMPO,#POCO_CD_POCO_015948,#CAMP_CD_CAMPO_0725,16450
located_in,UNIDADE_LITO,BACIA,#formacao_095,#basin,16452
constituted_by,UNIDADE_LITO,ROCHA,#formacao_095,#sandstone,16452
located_in,CAMPO,BACIA,#CAMP_CD_CAMPO_0773,#BASE_CD_BACIA_116,16453
located_in,CAMPO,BACIA,#CAMP_CD_CAMPO_0773,#basin,16453
located_in,POÇO,CAMPO,#POCO_CD_POCO_006960,#CAMP_CD_CAMPO_0773,16454
located_in,POÇO,BACIA,#POCO_CD_POCO_006960,#basin,16454
located_in,CAMPO,BACIA,#CAMP_CD_CAMPO_0773,#basin,16454
constituted_by,UNIDADE_LITO,ROCHA,#formacao_215,#sandstone,16455
constituted_by,UNIDADE_LITO,ROCHA,#formacao_009,#sandstone,16456
located_in,CAMPO,BACIA,#CAMP_CD_CAMPO_0575,#BASE_CD_BACIA_020,16458
located_in,POÇO,BACIA,#well,#basin,16459
located_in,POÇO,BACIA,#well,#basin,16459
located_in,CAMPO,BACIA,#CAMP_CD_CAMPO_0575,#basin,16460
located_in,CAMPO,BACIA,#CAMP_CD_CAMPO_0575,#basin,16460
located_in,POÇO,CAMPO,#POCO_CD_POCO_022451,#field,16462
located_in,POÇO,CAMPO,#well,#CAMP_CD_CAMPO_0575,16463
located_in,UNIDADE_LITO,BACIA,#formacao_061,#basin,16469
located_in,UNIDADE_LITO,BACIA,#formacao_061,#basin,16469
crosses,POÇO,UNIDADE_LITO,#well,#formacao_344,16471
crosses,POÇO,UNIDADE_LITO,#well,#formacao_019,16471
constituted_by,UNIDADE_LITO,ROCHA,#formacao_344,#sandstone,16471
crosses,POÇO,UNIDADE_LITO,#well,#formacao_344,16471
crosses,POÇO,UNIDADE_LITO,#well,#formacao_019,16471
constituted_by,UNIDADE_LITO,ROCHA,#formacao_019,#sandstone,16471
located_in,POÇO,BACIA,#well,#basin,16474
located_in,POÇO,BACIA,#well,#basin,16475
constituted_by,UNIDADE_LITO,ROCHA,#formacao_292,#diabase,16476
constituted_by,UNIDADE_LITO,ROCHA,#formacao_292,#sandstone,16476
constituted_by,UNIDADE_LITO,ROCHA,#formacao_344,#diabase,16476
constituted_by,UNIDADE_LITO,ROCHA,#formacao_344,#sandstone,16476
located_in,CAMPO,BACIA,#CAMP_CD_CAMPO_0575,#BASE_CD_BACIA_020,16478
located_in,POÇO,BACIA,#POCO_CD_POCO_022687,#BASE_CD_BACIA_090,16480
located_in,POÇO,CAMPO,#POCO_CD_POCO_024465,#CAMP_CD_CAMPO_0668,16488
located_in,CAMPO,BACIA,#CAMP_CD_CAMPO_0093,#BASE_CD_BACIA_300,16492
located_in,CAMPO,BACIA,#CAMP_CD_CAMPO_0734,#BASE_CD_BACIA_281,16497
located_in,POÇO,CAMPO,#well,#CAMP_CD_CAMPO_0734,16497
located_in,POÇO,BACIA,#well,#BASE_CD_BACIA_281,16497
located_in,POÇO,CAMPO,#well,#field,16497
located_in,POÇO,CAMPO,#well,#CAMP_CD_CAMPO_0682,16497
located_in,POÇO,BACIA,#POCO_CD_POCO_024918,#BASE_CD_BACIA_281,16497
located_in,POÇO,CAMPO,#POCO_CD_POCO_024918,#field,16497
located_in,POÇO,CAMPO,#POCO_CD_POCO_024918,#CAMP_CD_CAMPO_0682,16497
located_in,CAMPO,BACIA,#field,#BASE_CD_BACIA_281,16497
located_in,CAMPO,BACIA,#CAMP_CD_CAMPO_0682,#BASE_CD_BACIA_281,16497
located_in,CAMPO,BACIA,#CAMP_CD_CAMPO_0682,#BASE_CD_BACIA_281,16499
located_in,POÇO,CAMPO,#POCO_CD_POCO_023401,#field,16509
located_in,CAMPO,BACIA,#field,#BASE_CD_BACIA_100,16515
located_in,CAMPO,BACIA,#CAMP_CD_CAMPO_0234,#BASE_CD_BACIA_100,16515
located_in,POÇO,CAMPO,#well,#field,16515
located_in,POÇO,BACIA,#well,#BASE_CD_BACIA_100,16515
located_in,POÇO,CAMPO,#well,#CAMP_CD_CAMPO_0234,16515
located_in,POÇO,CAMPO,#POCO_CD_POCO_016933,#field,16515
located_in,POÇO,BACIA,#POCO_CD_POCO_016933,#BASE_CD_BACIA_100,16515
located_in,POÇO,CAMPO,#POCO_CD_POCO_016933,#CAMP_CD_CAMPO_0234,16515
located_in,CAMPO,BACIA,#field,#BASE_CD_BACIA_100,16516
constituted_by,UNIDADE_LITO,ROCHA,#formacao_253,#sandstone,16517
located_in,UNIDADE_LITO,BACIA,#formacao_319,#BASE_CD_BACIA_100,16519
located_in,CAMPO,BACIA,#CAMP_CD_CAMPO_0819,#BASE_CD_BACIA_100,16519
located_in,POÇO,CAMPO,#POCO_CD_POCO_012040,#CAMP_CD_CAMPO_0970,16521
located_in,POÇO,BACIA,#POCO_CD_POCO_012040,#BASE_CD_BACIA_316,16521
located_in,CAMPO,BACIA,#CAMP_CD_CAMPO_0970,#BASE_CD_BACIA_316,16521
located_in,CAMPO,BACIA,#CAMP_CD_CAMPO_0970,#BASE_CD_BACIA_316,16526
located_in,CAMPO,BACIA,#CAMP_CD_CAMPO_0393,#BASE_CD_BACIA_316,16526
located_in,CAMPO,BACIA,#CAMP_CD_CAMPO_0322,#BASE_CD_BACIA_316,16526
located_in,CAMPO,BACIA,#CAMP_CD_CAMPO_0248,#BASE_CD_BACIA_316,16526
located_in,POÇO,CAMPO,#POCO_CD_POCO_016933,#CAMP_CD_CAMPO_0234,16529
located_in,POÇO,BACIA,#POCO_CD_POCO_016933,#BASE_CD_BACIA_100,16529
located_in,CAMPO,BACIA,#CAMP_CD_CAMPO_0234,#BASE_CD_BACIA_100,16529
located_in,POÇO,BACIA,#POCO_CD_POCO_011890,#BASE_CD_BACIA_316,16530
located_in,POÇO,BACIA,#POCO_CD_POCO_011894,#BASE_CD_BACIA_316,16534
located_in,CAMPO,BACIA,#CAMP_CD_CAMPO_0881,#BASE_CD_BACIA_281,16537
located_in,POÇO,CAMPO,#well,#field,16538
located_in,POÇO,CAMPO,#well,#CAMP_CD_CAMPO_0881,16538
located_in,POÇO,CAMPO,#POCO_CD_POCO_023376,#field,16538
located_in,POÇO,CAMPO,#POCO_CD_POCO_023376,#CAMP_CD_CAMPO_0881,16538
crosses,POÇO,UNIDADE_LITO,#POCO_CD_POCO_022866,#formacao_028,16547
constituted_by,UNIDADE_LITO,ROCHA,#formacao_028,#sandstone,16547
constituted_by,UNIDADE_LITO,ROCHA,#formacao_232,#sandstone,16548
located_in,UNIDADE_LITO,BACIA,#formacao_232,#basin,16548
located_in,POÇO,BACIA,#POCO_CD_POCO_020490,#BASE_CD_BACIA_281,16553
located_in,POÇO,CAMPO,#POCO_CD_POCO_020490,#CAMP_CD_CAMPO_0065,16553
located_in,CAMPO,BACIA,#CAMP_CD_CAMPO_0065,#BASE_CD_BACIA_281,16553
located_in,POÇO,CAMPO,#POCO_CD_POCO_021725,#CAMP_CD_CAMPO_0065,16555
located_in,CAMPO,BACIA,#CAMP_CD_CAMPO_0003,#BASE_CD_BACIA_281,16556
crosses,POÇO,UNIDADE_LITO,#well,#formacao_027,16562
located_in,POÇO,BACIA,#well,#basin,16562
constituted_by,UNIDADE_LITO,ROCHA,#formacao_027,#sandstone,16562
constituted_by,UNIDADE_LITO,FLUIDODATERRA_i,#formacao_027,#oil,16562
located_in,UNIDADE_LITO,BACIA,#formacao_027,#basin,16562
located_in,POÇO,BACIA,#well,#BASE_CD_BACIA_270,16565
located_in,POÇO,BACIA,#POCO_CD_POCO_021906,#BASE_CD_BACIA_270,16565
located_in,POÇO,BACIA,#POCO_CD_POCO_011907,#basin,16568
located_in,POÇO,BACIA,#POCO_CD_POCO_011911,#basin,16568
located_in,POÇO,BACIA,#well,#BASE_CD_BACIA_100,16583
located_in,POÇO,BACIA,#well,#BASE_CD_BACIA_240,16583
located_in,POÇO,BACIA,#well,#BASE_CD_BACIA_270,16583
located_in,CAMPO,BACIA,#CAMP_CD_CAMPO_0082,#BASE_CD_BACIA_096,16667
located_in,CAMPO,BACIA,#CAMP_CD_CAMPO_0082,#BASE_CD_BACIA_096,16667
located_in,CAMPO,BACIA,#CAMP_CD_CAMPO_0352,#BASE_CD_BACIA_096,16667
located_in,CAMPO,BACIA,#CAMP_CD_CAMPO_0352,#BASE_CD_BACIA_096,16667
constituted_by,UNIDADE_LITO,ROCHA,#formacao_200,#shale,16668
constituted_by,UNIDADE_LITO,ROCHA,#formacao_296,#shale,16668
located_in,CAMPO,BACIA,#field,#BASE_CD_BACIA_096,16669
located_in,POÇO,CAMPO,#well,#field,16669
located_in,POÇO,BACIA,#well,#BASE_CD_BACIA_096,16669
located_in,POÇO,BACIA,#POCO_CD_POCO_012864,#BASE_CD_BACIA_096,16674
located_in,POÇO,BACIA,#well,#BASE_CD_BACIA_096,16674
located_in,CAMPO,BACIA,#field,#BASE_CD_BACIA_096,16675
located_in,CAMPO,BACIA,#CAMP_CD_CAMPO_0995,#BASE_CD_BACIA_096,16675
located_in,CAMPO,BACIA,#CAMP_CD_CAMPO_0352,#BASE_CD_BACIA_096,16675
located_in,CAMPO,BACIA,#CAMP_CD_CAMPO_0383,#BASE_CD_BACIA_096,16675
located_in,CAMPO,BACIA,#CAMP_CD_CAMPO_0082,#BASE_CD_BACIA_096,16675
located_in,POÇO,BACIA,#well,#BASE_CD_BACIA_096,16678
located_in,POÇO,CAMPO,#well,#field,16678
located_in,CAMPO,BACIA,#field,#BASE_CD_BACIA_096,16678
located_in,UNIDADE_LITO,BACIA,#formacao_200,#basin,16692
located_in,CAMPO,BACIA,#CAMP_CD_CAMPO_0082,#basin,16692
located_in,CAMPO,BACIA,#CAMP_CD_CAMPO_0352,#basin,16692
located_in,CAMPO,BACIA,#CAMP_CD_CAMPO_0082,#BASE_CD_BACIA_096,16699
located_in,CAMPO,BACIA,#CAMP_CD_CAMPO_0352,#BASE_CD_BACIA_096,16699
located_in,CAMPO,BACIA,#field,#BASE_CD_BACIA_096,16700
located_in,CAMPO,BACIA,#CAMP_CD_CAMPO_0082,#basin,16702
located_in,CAMPO,BACIA,#field,#basin,16702
constituted_by,UNIDADE_LITO,ROCHA,#formacao_296,#sandstone,16704
constituted_by,UNIDADE_LITO,ROCHA,#formacao_296,#sandstone,16714
constituted_by,UNIDADE_LITO,ROCHA,#formacao_200,#sandstone,16714
located_in,POÇO,CAMPO,#POCO_CD_POCO_012983,#field,16715
crosses,POÇO,UNIDADE_LITO,#POCO_CD_POCO_012983,#formacao_296,16715
constituted_by,UNIDADE_LITO,ROCHA,#formacao_200,#shale,16715
constituted_by,UNIDADE_LITO,FLUIDODATERRA_i,#formacao_200,#oil,16715
constituted_by,UNIDADE_LITO,FLUIDODATERRA_i,#formacao_200,#oil,16715
constituted_by,UNIDADE_LITO,ROCHA,#formacao_296,#shale,16715
located_in,POÇO,CAMPO,#well,#CAMP_CD_CAMPO_0082,16730
located_in,POÇO,CAMPO,#well,#CAMP_CD_CAMPO_0352,16730
located_in,POÇO,CAMPO,#POCO_CD_POCO_018470,#CAMP_CD_CAMPO_0352,16753
crosses,POÇO,UNIDADE_LITO,#POCO_CD_POCO_018470,#formacao_296,16753
located_in,CAMPO,BACIA,#CAMP_CD_CAMPO_0383,#BASE_CD_BACIA_096,16782
located_in,POÇO,BACIA,#POCO_CD_POCO_018470,#basin,16784
located_in,POÇO,BACIA,#well,#BASE_CD_BACIA_240,16838
located_in,POÇO,BACIA,#well,#BASE_CD_BACIA_020,16838
located_in,POÇO,BACIA,#well,#BASE_CD_BACIA_100,16838
located_in,POÇO,BACIA,#well,#BASE_CD_BACIA_096,16838
located_in,CAMPO,BACIA,#CAMP_CD_CAMPO_0118,#BASE_CD_BACIA_281,17039
located_in,CAMPO,BACIA,#CAMP_CD_CAMPO_0247,#BASE_CD_BACIA_281,17039
located_in,CAMPO,BACIA,#CAMP_CD_CAMPO_0684,#BASE_CD_BACIA_281,17039
located_in,CAMPO,BACIA,#CAMP_CD_CAMPO_0683,#BASE_CD_BACIA_281,17039
located_in,CAMPO,BACIA,#CAMP_CD_CAMPO_0881,#BASE_CD_BACIA_281,17042
located_in,CAMPO,BACIA,#field,#BASE_CD_BACIA_281,17050
located_in,CAMPO,BACIA,#CAMP_CD_CAMPO_0881,#BASE_CD_BACIA_281,17052
located_in,CAMPO,BACIA,#CAMP_CD_CAMPO_0881,#BASE_CD_BACIA_281,17058
constituted_by,UNIDADE_LITO,ROCHA,#formacao_110,#sandstone,17058
located_in,UNIDADE_LITO,BACIA,#formacao_110,#BASE_CD_BACIA_281,17058
constituted_by,UNIDADE_LITO,ROCHA,#formacao_110,#sandstone,17058
located_in,POÇO,CAMPO,#well,#field,17066
located_in,POÇO,CAMPO,#well,#CAMP_CD_CAMPO_0881,17109
located_in,CAMPO,BACIA,#CAMP_CD_CAMPO_0773,#BASE_CD_BACIA_116,17155
located_in,CAMPO,BACIA,#CAMP_CD_CAMPO_0773,#BASE_CD_BACIA_116,17164
located_in,CAMPO,BACIA,#field,#BASE_CD_BACIA_116,17164
constituted_by,UNIDADE_LITO,ROCHA,#formacao_009,#sandstone,17189
constituted_by,UNIDADE_LITO,ROCHA,#formacao_009,#shale,17189
constituted_by,UNIDADE_LITO,ROCHA,#formacao_009,#sandstone,17193
constituted_by,UNIDADE_LITO,ROCHA,#formacao_009,#sandstone,17193
constituted_by,UNIDADE_LITO,ROCHA,#formacao_215,#shale,17194
located_in,CAMPO,BACIA,#field,#basin,17198
located_in,POÇO,CAMPO,#well,#field,17204
located_in,POÇO,CAMPO,#well,#CAMP_CD_CAMPO_0773,17234
constituted_by,UNIDADE_LITO,NÃOCONSOLID,#formacao_009,#clay,17333
constituted_by,UNIDADE_LITO,NÃOCONSOLID,#formacao_215,#clay,17333
located_in,CAMPO,BACIA,#CAMP_CD_CAMPO_0118,#BASE_CD_BACIA_281,17344
located_in,CAMPO,BACIA,#CAMP_CD_CAMPO_0773,#BASE_CD_BACIA_116,17355
constituted_by,UNIDADE_LITO,ROCHA,#formacao_009,#sandstone,17360
located_in,UNIDADE_LITO,BACIA,#formacao_009,#BASE_CD_BACIA_116,17360
located_in,CAMPO,BACIA,#CAMP_CD_CAMPO_0773,#BASE_CD_BACIA_116,17360
located_in,POÇO,BACIA,#well,#BASE_CD_BACIA_116,17426
located_in,UNIDADE_LITO,BACIA,#grupo_033,#BASE_CD_BACIA_300,17429
constituted_by,UNIDADE_LITO,ROCHA,#grupo_033,#sandstone,17430
constituted_by,UNIDADE_LITO,ROCHA,#grupo_033,#diamictite,17430
constituted_by,UNIDADE_LITO,ROCHA,#grupo_033,#shale,17430
located_in,UNIDADE_LITO,BACIA,#grupo_033,#BASE_CD_BACIA_300,17447
constituted_by,UNIDADE_LITO,ROCHA,#grupo_033,#sandstone,17447
located_in,UNIDADE_LITO,BACIA,#formacao_193,#BASE_CD_BACIA_300,17447
constituted_by,UNIDADE_LITO,ROCHA,#formacao_193,#sandstone,17447
located_in,UNIDADE_LITO,BACIA,#SD_000,#basin,17449
located_in,UNIDADE_LITO,BACIA,#SD_000,#basin,17449
constituted_by,UNIDADE_LITO,ROCHA,#grupo_033,#sandstone,17463
constituted_by,UNIDADE_LITO,ROCHA,#grupo_033,#sandstone,17466
located_in,UNIDADE_LITO,BACIA,#grupo_033,#BASE_CD_BACIA_300,17468
part_of,UNIDADE_LITO,UNIDADE_LITO,#formacao_259,#grupo_033,17524
located_in,UNIDADE_LITO,BACIA,#formacao_259,#BASE_CD_BACIA_300,17524
constituted_by,UNIDADE_LITO,ROCHA,#formacao_259,#sandstone,17524
located_in,UNIDADE_LITO,BACIA,#grupo_033,#BASE_CD_BACIA_300,17524
constituted_by,UNIDADE_LITO,ROCHA,#grupo_033,#sandstone,17524
part_of,UNIDADE_LITO,UNIDADE_LITO,#formacao_113,#grupo_033,17525
part_of,UNIDADE_LITO,UNIDADE_LITO,#formacao_259,#grupo_033,17525
part_of,UNIDADE_LITO,UNIDADE_LITO,#formacao_242,#grupo_033,17525
part_of,UNIDADE_LITO,UNIDADE_LITO,#formacao_281,#grupo_033,17525
constituted_by,UNIDADE_LITO,ROCHA,#grupo_033,#sandstone,17526
constituted_by,UNIDADE_LITO,ROCHA,#grupo_033,#sandstone,17526
constituted_by,UNIDADE_LITO,ROCHA,#grupo_033,#shale,17526
constituted_by,UNIDADE_LITO,ROCHA,#grupo_033,#diamictite,17526
constituted_by,UNIDADE_LITO,ROCHA,#formacao_259,#sandstone,17526
part_of,UNIDADE_LITO,UNIDADE_LITO,#formacao_259,#grupo_033,17526
constituted_by,UNIDADE_LITO,ROCHA,#formacao_259,#sandstone,17526
constituted_by,UNIDADE_LITO,ROCHA,#formacao_259,#shale,17526
constituted_by,UNIDADE_LITO,ROCHA,#formacao_259,#diamictite,17526
constituted_by,UNIDADE_LITO,ROCHA,#formacao_113,#sandstone,17526
part_of,UNIDADE_LITO,UNIDADE_LITO,#formacao_113,#grupo_033,17526
constituted_by,UNIDADE_LITO,ROCHA,#formacao_113,#sandstone,17526
constituted_by,UNIDADE_LITO,ROCHA,#formacao_113,#shale,17526
constituted_by,UNIDADE_LITO,ROCHA,#formacao_113,#diamictite,17526
constituted_by,UNIDADE_LITO,ROCHA,#formacao_259,#sandstone,17529
constituted_by,UNIDADE_LITO,ROCHA,#formacao_259,#sandstone,17529
constituted_by,UNIDADE_LITO,ROCHA,#formacao_259,#diamictite,17529
constituted_by,UNIDADE_LITO,ROCHA,#formacao_113,#sandstone,17529
constituted_by,UNIDADE_LITO,ROCHA,#formacao_113,#sandstone,17529
constituted_by,UNIDADE_LITO,ROCHA,#formacao_113,#diamictite,17529
constituted_by,UNIDADE_LITO,ROCHA,#formacao_228,#sandstone,17529
constituted_by,UNIDADE_LITO,ROCHA,#formacao_228,#sandstone,17529
constituted_by,UNIDADE_LITO,ROCHA,#formacao_157,#sandstone,17529
constituted_by,UNIDADE_LITO,ROCHA,#formacao_157,#sandstone,17529
part_of,UNIDADE_LITO,UNIDADE_LITO,#membro_019,#formacao_242,17535
part_of,UNIDADE_LITO,UNIDADE_LITO,#membro_040,#formacao_113,17535
constituted_by,UNIDADE_LITO,ROCHA,#formacao_259,#sandstone,17536
constituted_by,UNIDADE_LITO,ROCHA,#membro_075,#sandstone,17537
constituted_by,UNIDADE_LITO,ROCHA,#formacao_113,#sandstone,17537
constituted_by,UNIDADE_LITO,ROCHA,#formacao_259,#sandstone,17543
constituted_by,UNIDADE_LITO,ROCHA,#formacao_259,#diamictite,17543
constituted_by,UNIDADE_LITO,ROCHA,#formacao_259,#shale,17543
constituted_by,UNIDADE_LITO,ROCHA,#formacao_259,#shale,17546
constituted_by,UNIDADE_LITO,ROCHA,#formacao_259,#diamictite,17546
crosses,POÇO,UNIDADE_LITO,#well,#formacao_259,17546
located_in,POÇO,BACIA,#well,#basin,17549
constituted_by,UNIDADE_LITO,ROCHA,#formacao_259,#sandstone,17562
part_of,UNIDADE_LITO,UNIDADE_LITO,#formacao_113,#grupo_033,17620
part_of,UNIDADE_LITO,UNIDADE_LITO,#formacao_259,#grupo_033,17620
located_in,UNIDADE_LITO,BACIA,#formacao_259,#basin,17632
located_in,UNIDADE_LITO,BACIA,#formacao_242,#basin,17632
part_of,UNIDADE_LITO,UNIDADE_LITO,#membro_020,#formacao_242,17632
located_in,UNIDADE_LITO,BACIA,#membro_020,#basin,17632
located_in,UNIDADE_LITO,BACIA,#formacao_116,#basin,17632
located_in,UNIDADE_LITO,BACIA,#formacao_254,#basin,17632
located_in,UNIDADE_LITO,BACIA,#formacao_066,#basin,17632
constituted_by,UNIDADE_LITO,ROCHA,#membro_020,#shale,17641
constituted_by,UNIDADE_LITO,ROCHA,#formacao_157,#shale,17652
constituted_by,UNIDADE_LITO,ROCHA,#grupo_033,#shale,17652
located_in,POÇO,BACIA,#well,#basin,17654
located_in,UNIDADE_LITO,BACIA,#grupo_033,#BASE_CD_BACIA_300,17670
constituted_by,UNIDADE_LITO,ROCHA,#grupo_033,#sandstone,17672
located_in,UNIDADE_LITO,BACIA,#grupo_033,#BASE_CD_BACIA_300,17672
constituted_by,UNIDADE_LITO,ROCHA,#grupo_033,#sandstone,17678
constituted_by,UNIDADE_LITO,ROCHA,#grupo_033,#sandstone,17702
located_in,UNIDADE_LITO,BACIA,#grupo_033,#BASE_CD_BACIA_300,17702
located_in,UNIDADE_LITO,BACIA,#grupo_033,#BASE_CD_BACIA_300,17712
