i,w,x,w1,x1,DIF
1,O,DET,O,DET,True
2,conceito,NOUN,conceito,NOUN,True
3,de,ADP,de,ADP,True
4,células,NOUN,células,NOUN,True
5,a,ADP,a,ADP,True
6,combustível,NOUN,combustível,NOUN,True
7,(,PUNCT,(,PUNCT,True
8,CC,PROPN,CC,PROPN,True
9,),PUNCT,),PUNCT,True
10,existe,VERB,existe,VERB,True
11,há,ADP,há,VERB,False
12,mais,ADV,mais,ADV,True
13,de,ADP,de,ADP,True
14,150,NUM,150,NUM,True
15,anos,NOUN,anos,NOUN,True
16,",",PUNCT,",",PUNCT,True
17,cuja,DET,cuja,PRON,False
18,paternidade,NOUN,paternidade,NOUN,True
19,é,AUX,é,AUX,True
20,atribuída,VERB,atribuída,VERB,True
21,a,ADP,a,ADP,True
22,Sir,PROPN,Sir,PROPN,True
23,William,PROPN,William,PROPN,True
24,Grove,PROPN,Grove,PROPN,True
25,",",PUNCT,",",PUNCT,True
26,que,PRON,que,PRON,True
27,teve,VERB,teve,VERB,True
28,a,DET,a,DET,True
29,idéia,NOUN,idéia,NOUN,True
30,durante,ADP,durante,ADP,True
31,seus,DET,seus,DET,True
32,experimentos,NOUN,experimentos,NOUN,True
33,sobre,ADP,sobre,ADP,True
34,a,DET,a,DET,True
35,eletrólise,NOUN,eletrólise,NOUN,True
36,de,ADP,de,ADP,True
37,água,NOUN,água,NOUN,True
38,",",PUNCT,",",PUNCT,True
39,quando,ADV,quando,SCONJ,False
40,imaginou,VERB,imaginou,VERB,True
41,como,ADV,como,SCONJ,False
42,seria,AUX,seria,AUX,True
43,o,DET,o,DET,True
44,processo,NOUN,processo,NOUN,True
45,inverso,ADJ,inverso,ADJ,True
46,",",PUNCT,",",PUNCT,True
47,ou,CCONJ,ou,CCONJ,True
48,seja,VERB,seja,VERB,True
49,",",PUNCT,",",PUNCT,True
50,a,DET,a,DET,True
51,reação,NOUN,reação,NOUN,True
52,entre,ADP,entre,ADP,True
53,hidrogênio,NOUN,hidrogênio,NOUN,True
54,e,CCONJ,e,CCONJ,True
55,oxigênio,NOUN,oxigênio,NOUN,True
56,para,SCONJ,para,SCONJ,True
57,gerar,VERB,gerar,VERB,True
58,eletricidade,NOUN,eletricidade,NOUN,True
59,.,PUNCT,.,PUNCT,True







i,w,x,w1,x1,DIF
1,O,DET,O,DET,True
2,termo,NOUN,termo,NOUN,True
3,célula,ADJ,célula,NOUN,False
4,a,ADP,a,ADP,True
5,combustível,NOUN,combustível,NOUN,True
6,surgiu,VERB,surgiu,VERB,True
7,então,ADV,então,ADV,True
8,em,ADP,em,ADP,True
9,1839,NUM,1839,NUM,True
10,",",PUNCT,",",PUNCT,True
11,criado,VERB,criado,VERB,True
12,por,ADP,por,ADP,True
13,Ludwig,PROPN,Ludwig,PROPN,True
14,Mond,PROPN,Mond,PROPN,True
15,e,CCONJ,e,CCONJ,True
16,Charles,PROPN,Charles,PROPN,True
17,Langer,PROPN,Langer,PROPN,True
18,.,PUNCT,.,PUNCT,True







i,w,x,w1,x1,DIF
1-2,No,_,No,_,True
1,Em,ADP,Em,ADP,True
2,o,DET,o,DET,True
3,final,NOUN,final,NOUN,True
4-5,dos,_,dos,_,True
4,de,ADP,de,ADP,True
5,os,DET,os,DET,True
6,anos,NOUN,anos,NOUN,True
7,50,NUM,50,NUM,True
8,",",PUNCT,",",PUNCT,True
9,a,DET,a,DET,True
10,NASA,PROPN,NASA,PROPN,True
11,necessitava,VERB,necessitava,VERB,True
12,de,ADP,de,ADP,True
13,geradores,NOUN,geradores,NOUN,True
14,de,ADP,de,ADP,True
15,energia,NOUN,energia,NOUN,True
16,para,ADP,para,ADP,True
17,missões,NOUN,missões,NOUN,True
18,espaciais,ADJ,espaciais,ADJ,True
19,",",PUNCT,",",PUNCT,True
20,em,ADP,em,ADP,True
21,especial,ADJ,especial,NOUN,False
22,",",PUNCT,",",PUNCT,True
23,o,DET,o,DET,True
24,projeto,NOUN,projeto,NOUN,True
25,Apollo,PROPN,Apollo,PROPN,True
26,e,CCONJ,e,CCONJ,True
27,as,DET,as,DET,True
28,missões,NOUN,missões,NOUN,True
29,Space,PROPN,Space,PROPN,True
30,Shuttle,PROPN,Shuttle,PROPN,True
31,fizeram,VERB,fizeram,VERB,True
32,uso,NOUN,uso,NOUN,True
33,de,ADP,de,ADP,True
34,células,NOUN,células,NOUN,True
35,a,ADP,a,ADP,True
36,combustível,NOUN,combustível,NOUN,True
37,.,PUNCT,.,PUNCT,True







i,w,x,w1,x1,DIF
1,As,DET,As,DET,True
2,células,NOUN,células,NOUN,True
3,a,ADP,a,ADP,True
4,combustível,NOUN,combustível,NOUN,True
5,(,PUNCT,(,PUNCT,True
6,Figura,PROPN,Figura,PROPN,True
7,1,PROPN,1,PROPN,True
8,),PUNCT,),PUNCT,True
9,são,AUX,são,AUX,True
10,unidades,NOUN,unidades,NOUN,True
11,que,PRON,que,PRON,True
12,convertem,VERB,convertem,VERB,True
13,energia,NOUN,energia,NOUN,True
14,química,ADJ,química,ADJ,True
15,(,PUNCT,(,PUNCT,True
16,contida,VERB,contida,VERB,True
17,em,ADP,em,ADP,True
18,um,DET,um,DET,True
19,oxidante,NOUN,oxidante,NOUN,True
20,e,CCONJ,e,CCONJ,True
21,um,DET,um,DET,True
22,combustível,NOUN,combustível,NOUN,True
23,),PUNCT,),PUNCT,True
24,diretamente,ADV,diretamente,ADV,True
25,em,ADP,em,ADP,True
26,energia,NOUN,energia,NOUN,True
27,elétrica,ADJ,elétrica,ADJ,True
28,e,CCONJ,e,CCONJ,True
29,térmica,ADJ,térmica,ADJ,True
30,",",PUNCT,",",PUNCT,True
31,com,ADP,com,ADP,True
32,a,DET,a,DET,True
33,possibilidade,NOUN,possibilidade,NOUN,True
34,de,ADP,de,ADP,True
35,operação,NOUN,operação,NOUN,True
36,contínua,ADJ,contínua,ADJ,True
37,graças,ADV,graças,ADV,True
38,a,DET,a,DET,True
39,alimentação,NOUN,alimentação,NOUN,True
40,constante,ADJ,constante,ADJ,True
41,de,ADP,de,ADP,True
42,um,DET,um,DET,True
43,combustível,NOUN,combustível,NOUN,True
44,.,PUNCT,.,PUNCT,True







i,w,x,w1,x1,DIF
1,A,DET,A,DET,True
2,conversão,NOUN,conversão,NOUN,True
3,ocorre,VERB,ocorre,VERB,True
4,por,ADP,por,ADP,True
5,meio,NOUN,meio,NOUN,True
6,de,ADP,de,ADP,True
7,duas,NUM,duas,NUM,True
8,reações,NOUN,reações,NOUN,True
9,eletroquímicas,ADJ,eletroquímicas,ADJ,True
10,em,ADP,em,ADP,True
11,dois,NUM,dois,NUM,True
12,eletrodos,NOUN,eletrodos,NOUN,True
13,separados,VERB,separados,VERB,True
14,por,ADP,por,ADP,True
15,um,DET,um,DET,True
16,eletrólito,NOUN,eletrólito,NOUN,True
17,apropriado,VERB,apropriado,VERB,True
18,:,PUNCT,:,PUNCT,True
19,a,DET,a,DET,True
20,oxidação,NOUN,oxidação,NOUN,True
21,de,ADP,de,ADP,True
22,um,DET,um,DET,True
23,combustível,NOUN,combustível,NOUN,True
24-25,no,_,no,_,True
24,em,ADP,em,ADP,True
25,o,DET,o,DET,True
26,anodo,NOUN,anodo,NOUN,True
27,e,CCONJ,e,CCONJ,True
28,a,DET,a,DET,True
29,redução,NOUN,redução,NOUN,True
30,de,ADP,de,ADP,True
31,um,DET,um,DET,True
32,oxidante,NOUN,oxidante,NOUN,True
33-34,no,_,no,_,True
33,em,ADP,em,ADP,True
34,o,DET,o,DET,True
35,catodo,NOUN,catodo,NOUN,True
36,.,PUNCT,.,PUNCT,True







i,w,x,w1,x1,DIF
1,Em,ADP,Em,ADP,True
2,uma,DET,uma,DET,True
3,célula,NOUN,célula,NOUN,True
4,a,ADP,a,ADP,True
5,combustível,NOUN,combustível,NOUN,True
6,operando,VERB,operando,VERB,True
7,com,ADP,com,ADP,True
8,hidrogênio,NOUN,hidrogênio,NOUN,True
9,como,ADP,como,ADP,True
10,combustível,NOUN,combustível,NOUN,True
11,e,CCONJ,e,CCONJ,True
12,o,DET,o,DET,True
13,oxigênio,NOUN,oxigênio,NOUN,True
14,como,ADP,como,ADP,True
15,oxidante,NOUN,oxidante,NOUN,True
16,",",PUNCT,",",PUNCT,True
17,ocorre,VERB,ocorre,VERB,True
18,a,DET,a,DET,True
19,formação,NOUN,formação,NOUN,True
20,de,ADP,de,ADP,True
21,água,NOUN,água,NOUN,True
22,",",PUNCT,",",PUNCT,True
23,além,ADV,além,ADV,True
24-25,da,_,da,_,True
24,de,ADP,de,ADP,True
25,a,DET,a,DET,True
26,liberação,NOUN,liberação,NOUN,True
27,de,ADP,de,ADP,True
28,elétrons,NOUN,elétrons,NOUN,True
29,",",PUNCT,",",PUNCT,True
30,que,PRON,que,PRON,True
31,geram,VERB,geram,VERB,True
32,uma,DET,uma,DET,True
33,corrente,NOUN,corrente,NOUN,True
34,contínua,ADJ,contínua,ADJ,True
35,.,PUNCT,.,PUNCT,True







i,w,x,w1,x1,DIF
1,Os,DET,Os,DET,True
2,prótons,NOUN,prótons,NOUN,True
3,gerados,VERB,gerados,VERB,True
4-5,na,_,na,_,True
4,em,ADP,em,ADP,True
5,a,DET,a,DET,True
6,reação,NOUN,reação,NOUN,True
7,anódica,ADJ,anódica,ADJ,True
8,são,AUX,são,AUX,True
9,conduzidos,VERB,conduzidos,VERB,True
10-11,pelo,_,pelo,_,True
10,por,ADP,por,ADP,True
11,o,DET,o,DET,True
12,eletrólito,NOUN,eletrólito,NOUN,True
13,até,ADP,até,ADP,True
14,o,DET,o,DET,True
15,catodo,NOUN,catodo,NOUN,True
16,",",PUNCT,",",PUNCT,True
17,onde,PRON,onde,PRON,True
18,participam,VERB,participam,VERB,True
19-20,da,_,da,_,True
19,de,ADP,de,ADP,True
20,a,DET,a,DET,True
21,reação,NOUN,reação,NOUN,True
22,de,ADP,de,ADP,True
23,redução,NOUN,redução,NOUN,True
24-25,do,_,do,_,True
24,de,ADP,de,ADP,True
25,o,DET,o,DET,True
26,oxigênio,NOUN,oxigênio,NOUN,True
27,(,PUNCT,(,PUNCT,True
28,O2,PROPN,O2,PROPN,True
29,),PUNCT,),PUNCT,True
30,",",PUNCT,",",PUNCT,True
31,formando,VERB,formando,VERB,True
32,água,NOUN,água,NOUN,True
33,.,PUNCT,.,PUNCT,True







i,w,x,w1,x1,DIF
1,Assim,ADV,Assim,ADV,True
2,",",PUNCT,",",PUNCT,True
3,as,DET,as,DET,True
4,células,NOUN,células,NOUN,True
5,a,ADP,a,ADP,True
6,combustível,NOUN,combustível,NOUN,True
7,",",PUNCT,",",PUNCT,True
8,mesmo,ADV,mesmo,ADV,True
9,e,CCONJ,e,CCONJ,True
10,especialmente,ADV,especialmente,ADV,True
11,em,ADP,em,ADP,True
12,baixas,ADJ,baixas,ADJ,True
13,temperaturas,NOUN,temperaturas,NOUN,True
14,",",PUNCT,",",PUNCT,True
15-16,na,_,na,_,True
15,em,ADP,em,ADP,True
16,a,DET,a,DET,True
17,prática,NOUN,prática,NOUN,True
18,",",PUNCT,",",PUNCT,True
19-20,obtêm-se,_,obtêm-se,_,True
19,obtêm,VERB,obtêm,VERB,True
20,se,PRON,se,PRON,True
21,eficiências,NOUN,eficiências,NOUN,True
22,de,ADP,de,ADP,True
23,55%,NUM,55%,NUM,True
24,a,ADP,a,ADP,True
25,60%,NUM,60%,NUM,True
26,.,PUNCT,.,PUNCT,True







i,w,x,w1,x1,DIF
1,Existem,VERB,Existem,VERB,True
2,vários,DET,vários,DET,True
3,tipos,NOUN,tipos,NOUN,True
4,de,ADP,de,ADP,True
5,células,NOUN,células,NOUN,True
6,a,ADP,a,ADP,True
7,combustível,NOUN,combustível,NOUN,True
8,",",PUNCT,",",PUNCT,True
9,classificadas,VERB,classificadas,VERB,True
10,segundo,ADP,segundo,ADP,True
11,o,DET,o,DET,True
12,tipo,NOUN,tipo,NOUN,True
13,de,ADP,de,ADP,True
14,eletrólito,NOUN,eletrólito,NOUN,True
15,que,PRON,que,PRON,True
16,utilizam,VERB,utilizam,VERB,True
17,e,CCONJ,e,CCONJ,True
18,",",PUNCT,",",PUNCT,True
19,conseqüentemente,ADV,conseqüentemente,ADV,True
20,",",PUNCT,",",PUNCT,True
21,a,DET,a,DET,True
22,sua,DET,sua,DET,True
23,temperatura,NOUN,temperatura,NOUN,True
24,de,ADP,de,ADP,True
25,operação,NOUN,operação,NOUN,True
26,.,PUNCT,.,PUNCT,True







i,w,x,w1,x1,DIF
1-2,Na,_,Na,_,True
1,Em,ADP,Em,ADP,True
2,a,DET,a,DET,True
3,célula,NOUN,célula,NOUN,True
4,de,ADP,de,ADP,True
5,membrana,NOUN,membrana,NOUN,True
6,de,ADP,de,ADP,True
7,troca,NOUN,troca,NOUN,True
8,protônica,ADJ,protônica,ADJ,True
9,(,PUNCT,(,PUNCT,True
10,PEMFC,PROPN,PEMFC,PROPN,True
11,),PUNCT,),PUNCT,True
12,",",PUNCT,",",PUNCT,True
13,o,DET,o,DET,True
14,eletrólito,NOUN,eletrólito,NOUN,True
15,consiste,VERB,consiste,VERB,True
16,em,ADP,em,ADP,True
17,uma,DET,uma,DET,True
18,membrana,NOUN,membrana,NOUN,True
19,de,ADP,de,ADP,True
20,polímero,NOUN,polímero,NOUN,True
21,sólido,ADJ,sólido,ADJ,True
22,que,PRON,que,PRON,True
23,transporta,VERB,transporta,VERB,True
24,os,DET,os,DET,True
25,prótons,NOUN,prótons,NOUN,True
26,entre,ADP,entre,ADP,True
27,os,DET,os,DET,True
28,eletrodos,NOUN,eletrodos,NOUN,True
29,.,PUNCT,.,PUNCT,True







i,w,x,w1,x1,DIF
1,As,DET,As,DET,True
2,membranas,NOUN,membranas,NOUN,True
3,em,ADP,em,ADP,True
4,uso,NOUN,uso,NOUN,True
5-6,na,_,na,_,True
5,em,ADP,em,ADP,True
6,a,DET,a,DET,True
7,maioria,NOUN,maioria,NOUN,True
8-9,das,_,das,_,True
8,de,ADP,de,ADP,True
9,as,DET,as,DET,True
10,células,NOUN,células,NOUN,True
11,em,ADP,em,ADP,True
12,operação,NOUN,operação,NOUN,True
13,hoje,ADV,hoje,ADV,True
14,são,AUX,são,AUX,True
15,produzidas,VERB,produzidas,VERB,True
16-17,pela,_,pela,_,True
16,por,ADP,por,ADP,True
17,a,DET,a,DET,True
18,Dow,PROPN,Dow,PROPN,True
19,Chemicals,PROPN,Chemicals,PROPN,True
20,",",PUNCT,",",PUNCT,True
21-22,pela,_,pela,_,True
21,por,ADP,por,ADP,True
22,a,DET,a,DET,True
23,DuPont,PROPN,DuPont,PROPN,True
24,e,CCONJ,e,CCONJ,True
25-26,pela,_,pela,_,True
25,por,ADP,por,ADP,True
26,a,DET,a,DET,True
27,Ballard,PROPN,Ballard,PROPN,True
28,.,PUNCT,.,PUNCT,True







i,w,x,w1,x1,DIF
1,As,DET,As,DET,True
2,células,NOUN,células,NOUN,True
3,de,ADP,de,ADP,True
4,ácido,NOUN,ácido,NOUN,True
5,fosfórico,ADJ,fosfórico,ADJ,True
6,(,PUNCT,(,PUNCT,True
7,PAFC,PROPN,PAFC,PROPN,True
8,),PUNCT,),PUNCT,True
9,são,AUX,são,AUX,True
10,as,PRON,as,PRON,True
11,de,ADP,de,ADP,True
12,tecnologia,NOUN,tecnologia,NOUN,True
13,mais,ADV,mais,ADV,True
14,antiga,ADJ,antiga,ADJ,True
15,e,CCONJ,e,CCONJ,True
16,mais,ADV,mais,ADV,True
17,desenvolvidas,VERB,desenvolvidas,VERB,True
18,até,ADP,até,ADP,True
19,o,DET,o,DET,True
20,presente,NOUN,presente,NOUN,True
21,.,PUNCT,.,PUNCT,True







i,w,x,w1,x1,DIF
1,Algumas,DET,Algumas,DET,True
2,centrais,NOUN,centrais,NOUN,True
3,elétricas,ADJ,elétricas,ADJ,True
4,de,ADP,de,ADP,True
5,demonstração,NOUN,demonstração,NOUN,True
6,já,ADV,já,ADV,True
7,se,PRON,se,PRON,True
8,encontram,VERB,encontram,VERB,True
9,em,ADP,em,ADP,True
10,operação,NOUN,operação,NOUN,True
11-12,no,_,no,_,True
11,em,ADP,em,ADP,True
12,o,DET,o,DET,True
13,mundo,NOUN,mundo,NOUN,True
14,.,PUNCT,.,PUNCT,True







i,w,x,w1,x1,DIF
1,Operam,VERB,Operam,VERB,True
2,em,ADP,em,ADP,True
3,temperaturas,NOUN,temperaturas,NOUN,True
4,de,ADP,de,ADP,True
5,cerca,ADV,cerca,ADV,True
6,de,ADP,de,ADP,True
7,200oC,NOUN,200oC,NUM,False
8,",",PUNCT,",",PUNCT,True
9,não,ADV,não,ADV,True
10,sendo,AUX,sendo,AUX,True
11,adequadas,ADJ,adequadas,ADJ,True
12,para,ADP,para,ADP,True
13,utilização,NOUN,utilização,NOUN,True
14-15,do,_,do,_,True
14,de,ADP,de,ADP,True
15,o,DET,o,DET,True
16,calor,NOUN,calor,NOUN,True
17,residual,ADJ,residual,ADJ,True
18,em,ADP,em,ADP,True
19,aplicações,NOUN,aplicações,NOUN,True
20,de,ADP,de,ADP,True
21,co-geração,NOUN,co-geração,NOUN,True
22,.,PUNCT,.,PUNCT,True







i,w,x,w1,x1,DIF
1,Podem,VERB,Podem,VERB,True
2,utilizar,VERB,utilizar,VERB,True
3,metanol,NOUN,metanol,NOUN,True
4,ou,CCONJ,ou,CCONJ,True
5,gás,NOUN,gás,NOUN,True
6,hidrogênio,ADJ,hidrogênio,ADJ,True
7,como,ADP,como,ADP,True
8,combustível,NOUN,combustível,NOUN,True
9,",",PUNCT,",",PUNCT,True
10,este,PRON,este,PRON,True
11,após,SCONJ,após,SCONJ,True
12,ser,AUX,ser,AUX,True
13,submetido,VERB,submetido,VERB,True
14-15,ao,_,ao,_,True
14,a,ADP,a,ADP,True
15,o,DET,o,DET,True
16,processo,NOUN,processo,NOUN,True
17,de,ADP,de,ADP,True
18,reforma,NOUN,reforma,NOUN,True
19,para,ADP,para,ADP,True
20,produção,NOUN,produção,NOUN,True
21,de,ADP,de,ADP,True
22,gás,NOUN,gás,NOUN,True
23,rico,ADJ,rico,ADJ,True
24,em,ADP,em,ADP,True
25,hidrogênio,NOUN,hidrogênio,NOUN,True
26,.,PUNCT,.,PUNCT,True







i,w,x,w1,x1,DIF
1,As,DET,As,DET,True
2,células,NOUN,células,NOUN,True
3,de,ADP,de,ADP,True
4,carbonato,NOUN,carbonato,NOUN,True
5,fundido,VERB,fundido,VERB,True
6,(,PUNCT,(,PUNCT,True
7,MCFC,PROPN,MCFC,PROPN,True
8,),PUNCT,),PUNCT,True
9,utilizam,VERB,utilizam,VERB,True
10,como,ADP,como,ADP,True
11,eletrólito,NOUN,eletrólito,NOUN,True
12,uma,DET,uma,DET,True
13,mistura,NOUN,mistura,NOUN,True
14,de,ADP,de,ADP,True
15,carbonatos,NOUN,carbonatos,NOUN,True
16,alcalinos,ADJ,alcalinos,ADJ,True
17,fundidos,VERB,fundidos,VERB,True
18,.,PUNCT,.,PUNCT,True







i,w,x,w1,x1,DIF
1,Operam,VERB,Operam,VERB,True
2,em,ADP,em,ADP,True
3,temperaturas,NOUN,temperaturas,NOUN,True
4,em,ADP,em,ADP,True
5,torno,NOUN,torno,NOUN,True
6,de,ADP,de,ADP,True
7,650oC,NUM,650oC,NUM,True
8,",",PUNCT,",",PUNCT,True
9,com,ADP,com,ADP,True
10,eficiência,NOUN,eficiência,NOUN,True
11,máxima,ADJ,máxima,ADJ,True
12,entre,ADP,entre,ADP,True
13,55,NUM,55,NUM,True
14,e,CCONJ,e,CCONJ,True
15,60%,NUM,60%,NUM,True
16,.,PUNCT,.,PUNCT,True







i,w,x,w1,x1,DIF
1,O,DET,O,DET,True
2,catodo,NOUN,catodo,NOUN,True
3,deve,VERB,deve,VERB,True
4,ser,AUX,ser,AUX,True
5,suprido,VERB,suprido,VERB,True
6,com,ADP,com,ADP,True
7,dióxido,NOUN,dióxido,NOUN,True
8,de,ADP,de,ADP,True
9,carbono,NOUN,carbono,NOUN,True
10,(,PUNCT,(,PUNCT,True
11,CO2,PROPN,CO2,PROPN,True
12,),PUNCT,),PUNCT,True
13,que,PRON,que,PRON,True
14,",",PUNCT,",",PUNCT,True
15,reagindo,VERB,reagindo,VERB,True
16,com,ADP,com,ADP,True
17,o,DET,o,DET,True
18,oxigênio,NOUN,oxigênio,NOUN,True
19,",",PUNCT,",",PUNCT,True
20,libera,VERB,libera,VERB,True
21,elétrons,NOUN,elétrons,NOUN,True
22,e,CCONJ,e,CCONJ,True
23,produz,VERB,produz,VERB,True
24,íons,NOUN,íons,NOUN,True
25,carbonato,ADJ,carbonato,NOUN,False
26,que,PRON,que,PRON,True
27,serão,AUX,serão,AUX,True
28,transportados,VERB,transportados,VERB,True
29,através,ADV,através,ADV,True
30-31,do,_,do,_,True
30,de,ADP,de,ADP,True
31,o,DET,o,DET,True
32,eletrólito,NOUN,eletrólito,NOUN,True
33,.,PUNCT,.,PUNCT,True







i,w,x,w1,x1,DIF
1,As,DET,As,DET,True
2,células,NOUN,células,NOUN,True
3,de,ADP,de,ADP,True
4,óxido,NOUN,óxido,NOUN,True
5,sólido,ADJ,sólido,ADJ,True
6,(,PUNCT,(,PUNCT,True
7,SOFC,PROPN,SOFC,PROPN,True
8,),PUNCT,),PUNCT,True
9,utilizam,VERB,utilizam,VERB,True
10,eletrólitos,NOUN,eletrólitos,NOUN,True
11,cerâmicos,ADJ,cerâmicos,ADJ,True
12-13,à,_,à,_,True
12,a,ADP,a,ADP,True
13,a,DET,a,DET,True
14,base,NOUN,base,NOUN,True
15,de,ADP,de,ADP,True
16,zircônio,NOUN,zircônio,NOUN,True
17,",",PUNCT,",",PUNCT,True
18,e,CCONJ,e,CCONJ,True
19,operam,VERB,operam,VERB,True
20,a,ADP,a,ADP,True
21,cerca,ADV,cerca,ADV,True
22,de,ADP,de,ADP,True
23,1000oC,NUM,1000oC,NUM,True
24,.,PUNCT,.,PUNCT,True







i,w,x,w1,x1,DIF
1,Algumas,DET,Algumas,DET,True
2,unidades,NOUN,unidades,NOUN,True
3,experimentais,ADJ,experimentais,ADJ,True
4-5,encontram-se,_,encontram-se,_,True
4,encontram,VERB,encontram,VERB,True
5,se,PRON,se,PRON,True
6,em,ADP,em,ADP,True
7,operação,NOUN,operação,NOUN,True
8,",",PUNCT,",",PUNCT,True
9,e,CCONJ,e,CCONJ,True
10,a,DET,a,DET,True
11,expectativa,NOUN,expectativa,NOUN,True
12,é,AUX,é,AUX,True
13,de,SCONJ,de,ADP,False
14,que,SCONJ,que,SCONJ,True
15,dentro,ADV,dentro,ADV,True
16,de,ADP,de,ADP,True
17,algum,DET,algum,DET,True
18,tempo,NOUN,tempo,NOUN,True
19,seja,AUX,seja,AUX,True
20,possível,ADJ,possível,ADJ,True
21,a,DET,a,DET,True
22,construção,NOUN,construção,NOUN,True
23,modular,ADJ,modular,ADJ,True
24,de,ADP,de,ADP,True
25,centrais,NOUN,centrais,NOUN,True
26,de,ADP,de,ADP,True
27,grande,ADJ,grande,ADJ,True
28,porte,NOUN,porte,NOUN,True
29,com,ADP,com,ADP,True
30,densidade,NOUN,densidade,NOUN,True
31,energética,ADJ,energética,ADJ,True
32,de,ADP,de,ADP,True
33,cerca,ADV,cerca,ADV,True
34,de,ADP,de,ADP,True
35,1,NUM,1,NUM,True
36,MW/m3,NOUN,MW/m3,SYM,False
37,e,CCONJ,e,CCONJ,True
38,eficiência,NOUN,eficiência,NOUN,True
39,de,ADP,de,ADP,True
40,50,NUM,50,NUM,True
41,a,ADP,a,ADP,True
42,60%,NUM,60%,NUM,True
43,.,PUNCT,.,PUNCT,True







i,w,x,w1,x1,DIF
1,O,DET,O,DET,True
2,calor,NOUN,calor,NOUN,True
3,produzido,VERB,produzido,VERB,True
4,pode,VERB,pode,VERB,True
5,ser,AUX,ser,AUX,True
6,utilizado,VERB,utilizado,VERB,True
7,em,ADP,em,ADP,True
8,aplicações,NOUN,aplicações,NOUN,True
9,de,ADP,de,ADP,True
10,co-geração,NOUN,co-geração,NOUN,True
11,ou,CCONJ,ou,CCONJ,True
12,para,SCONJ,para,SCONJ,True
13,acionar,VERB,acionar,VERB,True
14,uma,DET,uma,DET,True
15,turbina,NOUN,turbina,NOUN,True
16,a,ADP,a,ADP,True
17,vapor,NOUN,vapor,NOUN,True
18,",",PUNCT,",",PUNCT,True
19,produzindo,VERB,produzindo,VERB,True
20,",",PUNCT,",",PUNCT,True
21,assim,ADV,assim,ADV,True
22,",",PUNCT,",",PUNCT,True
23,energia,NOUN,energia,NOUN,True
24,elétrica,ADJ,elétrica,ADJ,True
25,adicional,ADJ,adicional,ADJ,True
26-27,àquela,_,àquela,_,True
26,a,ADP,a,ADP,True
27,aquela,PRON,aquela,PRON,True
28,gerada,VERB,gerada,VERB,True
29,com,ADP,com,ADP,True
30,a,DET,a,DET,True
31,reação,NOUN,reação,NOUN,True
32,química,ADJ,química,ADJ,True
33-34,da,_,da,_,True
33,de,ADP,de,ADP,True
34,a,DET,a,DET,True
35,célula,NOUN,célula,NOUN,True
36,.,PUNCT,.,PUNCT,True







i,w,x,w1,x1,DIF
1,Podem,VERB,Podem,VERB,True
2,ser,AUX,ser,AUX,True
3,usados,VERB,usados,VERB,True
4,diferentes,DET,diferentes,DET,True
5,tipos,NOUN,tipos,NOUN,True
6,de,ADP,de,ADP,True
7,combustível,NOUN,combustível,NOUN,True
8,",",PUNCT,",",PUNCT,True
9,desde,ADP,desde,ADP,True
10,o,DET,o,DET,True
11,hidrogênio,NOUN,hidrogênio,NOUN,True
12,puro,ADJ,puro,ADJ,True
13,até,ADP,até,ADP,True
14,o,DET,o,DET,True
15,metano,NOUN,metano,NOUN,True
16,ou,CCONJ,ou,CCONJ,True
17,o,DET,o,DET,True
18,monóxido,NOUN,monóxido,NOUN,True
19,de,ADP,de,ADP,True
20,carbono,NOUN,carbono,NOUN,True
21,",",PUNCT,",",PUNCT,True
22,e,CCONJ,e,CCONJ,True
23,a,DET,a,DET,True
24,natureza,NOUN,natureza,NOUN,True
25-26,das,_,das,_,True
25,de,ADP,de,ADP,True
26,as,DET,as,DET,True
27,emissões,NOUN,emissões,NOUN,True
28,varia,VERB,varia,VERB,True
29,conforme,ADP,conforme,SCONJ,False
30,a,DET,a,DET,True
31,mistura,NOUN,mistura,NOUN,True
32-33,do,_,do,_,True
32,de,ADP,de,ADP,True
33,o,DET,o,DET,True
34,combustível,NOUN,combustível,NOUN,True
35,.,PUNCT,.,PUNCT,True







i,w,x,w1,x1,DIF
1,Se,SCONJ,Se,SCONJ,True
2,produzido,VERB,produzido,VERB,True
3,a,ADP,a,ADP,True
4,partir,NOUN,partir,VERB,False
5,de,ADP,de,ADP,True
6,fontes,NOUN,fontes,NOUN,True
7,renováveis,ADJ,renováveis,ADJ,True
8,(,PUNCT,(,PUNCT,True
9,etanol,NOUN,etanol,NOUN,True
10,e,CCONJ,e,CCONJ,True
11,água,NOUN,água,NOUN,True
12,),PUNCT,),PUNCT,True
13,ou,CCONJ,ou,CCONJ,True
14,tecnologias,NOUN,tecnologias,NOUN,True
15,limpas,ADJ,limpas,ADJ,True
16,",",PUNCT,",",PUNCT,True
17,como,ADP,como,ADP,True
18,as,DET,as,DET,True
19,células,NOUN,células,NOUN,True
20,fotovoltaicas,ADJ,fotovoltaicas,ADJ,True
21,",",PUNCT,",",PUNCT,True
22,turbinas,NOUN,turbinas,NOUN,True
23,eólicas,ADJ,eólicas,ADJ,True
24,e,CCONJ,e,CCONJ,True
25,turbinas,NOUN,turbinas,NOUN,True
26,de,ADP,de,ADP,True
27,hidrelétricas,NOUN,hidrelétricas,NOUN,True
28,",",PUNCT,",",PUNCT,True
29,o,DET,o,DET,True
30,hidrogênio,NOUN,hidrogênio,NOUN,True
31-32,torna-se,_,torna-se,_,True
31,torna,VERB,torna,VERB,True
32,se,PRON,se,PRON,True
33,um,DET,um,DET,True
34,combustível,NOUN,combustível,NOUN,True
35,renovável,ADJ,renovável,ADJ,True
36,e,CCONJ,e,CCONJ,True
37,ecologicamente,ADV,ecologicamente,ADV,True
38,correto,ADJ,correto,ADJ,True
39,.,PUNCT,.,PUNCT,True







i,w,x,w1,x1,DIF
1,Quando,SCONJ,Quando,SCONJ,True
2,queimado,VERB,queimado,VERB,True
3,com,ADP,com,ADP,True
4,oxigênio,NOUN,oxigênio,NOUN,True
5,puro,ADJ,puro,ADJ,True
6,",",PUNCT,",",PUNCT,True
7,os,DET,os,DET,True
8,únicos,ADJ,únicos,ADJ,True
9,produtos,NOUN,produtos,NOUN,True
10,são,AUX,são,AUX,True
11,calor,NOUN,calor,NOUN,True
12,e,CCONJ,e,CCONJ,True
13,água,NOUN,água,NOUN,True
14,.,PUNCT,.,PUNCT,True







i,w,x,w1,x1,DIF
1,Quando,SCONJ,Quando,SCONJ,True
2,queimado,VERB,queimado,VERB,True
3,com,ADP,com,ADP,True
4,ar,NOUN,ar,NOUN,True
5,",",PUNCT,",",PUNCT,True
6,constituído,VERB,constituído,VERB,True
7,por,ADP,por,ADP,True
8,cerca,ADV,cerca,ADV,True
9,de,ADP,de,ADP,True
10,68%,NUM,68%,NUM,True
11,de,ADP,de,ADP,True
12,nitrogênio,NOUN,nitrogênio,NOUN,True
13,",",PUNCT,",",PUNCT,True
14,alguns,DET,alguns,DET,True
15,óxidos,NOUN,óxidos,NOUN,True
16,de,ADP,de,ADP,True
17,nitrogênio,NOUN,nitrogênio,NOUN,True
18,(,PUNCT,(,PUNCT,True
19,NOx,PROPN,NOx,PROPN,True
20,),PUNCT,),PUNCT,True
21,são,AUX,são,AUX,True
22,formados,VERB,formados,VERB,True
23,.,PUNCT,.,PUNCT,True







i,w,x,w1,x1,DIF
1,Ainda,ADV,Ainda,ADV,True
2,assim,ADV,assim,ADV,True
3,",",PUNCT,",",PUNCT,True
4,a,DET,a,DET,True
5,queima,NOUN,queima,NOUN,True
6,de,ADP,de,ADP,True
7,hidrogênio,NOUN,hidrogênio,NOUN,True
8,produz,VERB,produz,VERB,True
9,menos,DET,menos,ADV,False
10,poluentes,NOUN,poluentes,NOUN,True
11,atmosféricos,ADJ,atmosféricos,ADJ,True
12,que,PRON,que,SCONJ,False
13,os,DET,os,DET,True
14,combustíveis,NOUN,combustíveis,NOUN,True
15,fósseis,ADJ,fósseis,ADJ,True
16,.,PUNCT,.,PUNCT,True







i,w,x,w1,x1,DIF
1-2,Numa,_,Numa,_,True
1,Em,ADP,Em,ADP,True
2,uma,DET,uma,DET,True
3,célula,NOUN,célula,NOUN,True
4,a,ADP,a,ADP,True
5,combustível,NOUN,combustível,NOUN,True
6,",",PUNCT,",",PUNCT,True
7,a,DET,a,DET,True
8,utilização,NOUN,utilização,NOUN,True
9-10,do,_,do,_,True
9,de,ADP,de,ADP,True
10,o,DET,o,DET,True
11,hidrogênio,NOUN,hidrogênio,NOUN,True
12,puro,ADJ,puro,ADJ,True
13,traz,VERB,traz,VERB,True
14,vantagens,NOUN,vantagens,NOUN,True
15,como,ADV,como,ADP,False
16,por,ADP,por,ADP,True
17,exemplo,NOUN,exemplo,NOUN,True
18,:,PUNCT,:,PUNCT,True
19,não,ADV,não,ADV,True
20,necessitar,VERB,necessitar,VERB,True
21,de,ADP,de,ADP,True
22,reformadores,NOUN,reformadores,NOUN,True
23,(,PUNCT,(,PUNCT,True
24,equipamento,NOUN,equipamento,NOUN,True
25,utilizado,VERB,utilizado,VERB,True
26,para,SCONJ,para,SCONJ,True
27,extrair,VERB,extrair,VERB,True
28,o,DET,o,DET,True
29,hidrogênio,NOUN,hidrogênio,NOUN,True
30,de,ADP,de,ADP,True
31,uma,DET,uma,DET,True
32,fonte,NOUN,fonte,NOUN,True
33,",",PUNCT,",",PUNCT,True
34,tal,ADV,tal,ADP,False
35,como,ADP,como,ADP,True
36,o,DET,o,DET,True
37,gás,NOUN,gás,NOUN,True
38,natural,ADJ,natural,ADJ,True
39,),PUNCT,),PUNCT,True
40,",",PUNCT,",",PUNCT,True
41,diminuindo,VERB,diminuindo,VERB,True
42,o,DET,o,DET,True
43,tamanho,NOUN,tamanho,NOUN,True
44,e,CCONJ,e,CCONJ,True
45,custo,NOUN,custo,NOUN,True
46-47,do,_,do,_,True
46,de,ADP,de,ADP,True
47,o,DET,o,DET,True
48,sistema,NOUN,sistema,NOUN,True
49,",",PUNCT,",",PUNCT,True
50,além,ADV,além,ADV,True
51,de,ADP,de,ADP,True
52,não,ADV,não,ADV,True
53,contaminar,VERB,contaminar,VERB,True
54,as,DET,as,DET,True
55,membranas,NOUN,membranas,NOUN,True
56,e,CCONJ,e,CCONJ,True
57,eletrodos,NOUN,eletrodos,NOUN,True
58,que,PRON,que,PRON,True
59,são,AUX,são,AUX,True
60,sensíveis,ADJ,sensíveis,ADJ,True
61,a,ADP,a,ADP,True
62,alguns,DET,alguns,DET,True
63,compostos,NOUN,compostos,NOUN,True
64,ou,CCONJ,ou,CCONJ,True
65,subprodutos,NOUN,subprodutos,NOUN,True
66,reacionais,ADJ,reacionais,ADJ,True
67,.,PUNCT,.,PUNCT,True







i,w,x,w1,x1,DIF
1,Dentre,ADP,Dentre,ADP,True
2,os,DET,os,DET,True
3,principais,ADJ,principais,ADJ,True
4,combustíveis,NOUN,combustíveis,NOUN,True
5,fósseis,ADJ,fósseis,ADJ,True
6,",",PUNCT,",",PUNCT,True
7,como,ADP,como,ADP,True
8,o,DET,o,DET,True
9,petróleo,NOUN,petróleo,NOUN,True
10,e,CCONJ,e,CCONJ,True
11,o,DET,o,DET,True
12,carvão,NOUN,carvão,NOUN,True
13,",",PUNCT,",",PUNCT,True
14,o,DET,o,DET,True
15,gás,NOUN,gás,NOUN,True
16,natural,ADJ,natural,ADJ,True
17,é,AUX,é,AUX,True
18,o,PRON,o,PRON,True
19,que,PRON,que,PRON,True
20,gera,VERB,gera,VERB,True
21,menores,ADJ,menores,ADJ,True
22,emissões,NOUN,emissões,NOUN,True
23,de,ADP,de,ADP,True
24,poluentes,NOUN,poluentes,NOUN,True
25,.,PUNCT,.,PUNCT,True







i,w,x,w1,x1,DIF
1,Hoje,ADV,Hoje,ADV,True
2,",",PUNCT,",",PUNCT,True
3,aproximadamente,ADV,aproximadamente,ADV,True
4,a,DET,a,DET,True
5,metade,NOUN,metade,NOUN,True
6-7,da,_,da,_,True
6,de,ADP,de,ADP,True
7,a,DET,a,DET,True
8,produção,NOUN,produção,NOUN,True
9,de,ADP,de,ADP,True
10,hidrogênio,NOUN,hidrogênio,NOUN,True
11-12,no,_,no,_,True
11,em,ADP,em,ADP,True
12,o,DET,o,DET,True
13,mundo,NOUN,mundo,NOUN,True
14,provém,VERB,provém,VERB,True
15-16,do,_,do,_,True
15,de,ADP,de,ADP,True
16,o,DET,o,DET,True
17,gás,NOUN,gás,NOUN,True
18,natural,ADJ,natural,ADJ,True
19,",",PUNCT,",",PUNCT,True
20,e,CCONJ,e,CCONJ,True
21,a,DET,a,DET,True
22,maior,ADJ,maior,ADJ,True
23,parte,NOUN,parte,NOUN,True
24-25,da,_,da,_,True
24,de,ADP,de,ADP,True
25,a,DET,a,DET,True
26,produção,NOUN,produção,NOUN,True
27,em,ADP,em,ADP,True
28,escala,NOUN,escala,NOUN,True
29,industrial,ADJ,industrial,ADJ,True
30,é,AUX,é,VERB,False
31-32,pelo,_,pelo,_,True
31,por,ADP,por,ADP,True
32,o,DET,o,DET,True
33,processo,NOUN,processo,NOUN,True
34,de,ADP,de,ADP,True
35,reforma,NOUN,reforma,NOUN,True
36,a,ADP,a,ADP,True
37,vapor,NOUN,vapor,NOUN,True
38,",",PUNCT,",",PUNCT,True
39,ou,CCONJ,ou,CCONJ,True
40,como,ADP,como,ADV,False
41,um,DET,um,DET,True
42,subproduto,NOUN,subproduto,NOUN,True
43-44,do,_,do,_,True
43,de,ADP,de,ADP,True
44,o,DET,o,DET,True
45,refino,NOUN,refino,NOUN,True
46,de,ADP,de,ADP,True
47,petróleo,NOUN,petróleo,NOUN,True
48,e,CCONJ,e,CCONJ,True
49,produção,NOUN,produção,NOUN,True
50,de,ADP,de,ADP,True
51,compostos,NOUN,compostos,NOUN,True
52,químicos,ADJ,químicos,ADJ,True
53,.,PUNCT,.,PUNCT,True







i,w,x,w1,x1,DIF
1,Para,SCONJ,Para,SCONJ,True
2,ser,AUX,ser,AUX,True
3,utilizado,VERB,utilizado,VERB,True
4-5,numa,_,numa,_,True
4,em,ADP,em,ADP,True
5,uma,DET,uma,DET,True
6,célula,NOUN,célula,NOUN,True
7,a,ADP,a,ADP,True
8,combustível,NOUN,combustível,NOUN,True
9,",",PUNCT,",",PUNCT,True
10,o,DET,o,DET,True
11,gás,NOUN,gás,NOUN,True
12,natural,ADJ,natural,ADJ,True
13,passa,VERB,passa,VERB,True
14-15,pelo,_,pelo,_,True
14,por,ADP,por,ADP,True
15,o,DET,o,DET,True
16,processo,NOUN,processo,NOUN,True
17,de,ADP,de,ADP,True
18,reforma,NOUN,reforma,NOUN,True
19,para,ADP,para,ADP,True
20,a,DET,a,DET,True
21,obtenção,NOUN,obtenção,NOUN,True
22-23,do,_,do,_,True
22,de,ADP,de,ADP,True
23,o,DET,o,DET,True
24,hidrogênio,NOUN,hidrogênio,NOUN,True
25,.,PUNCT,.,PUNCT,True







i,w,x,w1,x1,DIF
1,O,DET,O,DET,True
2,processo,NOUN,processo,NOUN,True
3,extrai,VERB,extrai,VERB,True
4,os,DET,os,DET,True
5,átomos,NOUN,átomos,NOUN,True
6,de,ADP,de,ADP,True
7,hidrogênio,NOUN,hidrogênio,NOUN,True
8,",",PUNCT,",",PUNCT,True
9,deixando,VERB,deixando,VERB,True
10,o,DET,o,DET,True
11,dióxido,NOUN,dióxido,NOUN,True
12,de,ADP,de,ADP,True
13,carbono,NOUN,carbono,NOUN,True
14,como,ADP,como,ADP,True
15,subproduto,NOUN,subproduto,NOUN,True
16,.,PUNCT,.,PUNCT,True







i,w,x,w1,x1,DIF
1,Este,DET,Este,DET,True
2,processo,NOUN,processo,NOUN,True
3-4,realiza-se,_,realiza-se,_,True
3,realiza,VERB,realiza,VERB,True
4,se,PRON,se,PRON,True
5,em,ADP,em,ADP,True
6,duas,NUM,duas,NUM,True
7,etapas,NOUN,etapas,NOUN,True
8,:,PUNCT,:,PUNCT,True
9,(,PUNCT,(,PUNCT,True
10,i,PROPN,i,SYM,False
11,),PUNCT,),PUNCT,True
12,A,DET,A,DET,True
13,reação,NOUN,reação,NOUN,True
14,decompõe,VERB,decompõe,VERB,True
15,o,DET,o,DET,True
16,combustível,NOUN,combustível,NOUN,True
17,em,ADP,em,ADP,True
18,água,NOUN,água,NOUN,True
19,e,CCONJ,e,CCONJ,True
20,monóxido,NOUN,monóxido,NOUN,True
21,de,ADP,de,ADP,True
22,carbono,NOUN,carbono,NOUN,True
23,;,PUNCT,;,PUNCT,True
24,(,PUNCT,(,PUNCT,True
25,ii,ADJ,ii,SYM,False
26,),PUNCT,),PUNCT,True
27,O,DET,O,DET,True
28,monóxido,NOUN,monóxido,NOUN,True
29,de,ADP,de,ADP,True
30,carbono,NOUN,carbono,NOUN,True
31,e,CCONJ,e,CCONJ,True
32,a,DET,a,DET,True
33,água,NOUN,água,NOUN,True
34,são,AUX,são,AUX,True
35,convertidos,VERB,convertidos,VERB,True
36,em,ADP,em,ADP,True
37,dióxido,NOUN,dióxido,NOUN,True
38,de,ADP,de,ADP,True
39,carbono,NOUN,carbono,NOUN,True
40,e,CCONJ,e,CCONJ,True
41,hidrogênio,NOUN,hidrogênio,NOUN,True
42,.,PUNCT,.,PUNCT,True







i,w,x,w1,x1,DIF
1,Estas,DET,Estas,DET,True
2,reações,NOUN,reações,NOUN,True
3,ocorrem,VERB,ocorrem,VERB,True
4,em,ADP,em,ADP,True
5,temperaturas,NOUN,temperaturas,NOUN,True
6,de,ADP,de,ADP,True
7,200ºC,ADJ,200ºC,NUM,False
8,ou,CCONJ,ou,CCONJ,True
9,maiores,ADJ,maiores,ADJ,True
10,.,PUNCT,.,PUNCT,True







i,w,x,w1,x1,DIF
1,Em,ADP,Em,ADP,True
2,células,NOUN,células,NOUN,True
3,a,ADP,a,ADP,True
4,combustível,NOUN,combustível,NOUN,True
5,de,ADP,de,ADP,True
6,óxido,NOUN,óxido,NOUN,True
7,sólido,ADJ,sólido,ADJ,True
8,(,PUNCT,(,PUNCT,True
9,SOFC,PROPN,SOFC,PROPN,True
10,),PUNCT,),PUNCT,True
11,ou,CCONJ,ou,CCONJ,True
12,carbonato,NOUN,carbonato,NOUN,True
13,fundido,VERB,fundido,ADJ,False
14,(,PUNCT,(,PUNCT,True
15,MCFC,PROPN,MCFC,PROPN,True
16,),PUNCT,),PUNCT,True
17,",",PUNCT,",",PUNCT,True
18,a,DET,a,DET,True
19,reforma,NOUN,reforma,NOUN,True
20,a,ADP,a,ADP,True
21,vapor,NOUN,vapor,NOUN,True
22,ocorre,VERB,ocorre,VERB,True
23,internamente,ADV,internamente,ADV,True
24,devido,ADV,devido,ADP,False
25-26,à,_,à,_,True
25,a,ADP,a,ADP,True
26,a,DET,a,DET,True
27,alta,ADJ,alta,ADJ,True
28,temperatura,NOUN,temperatura,NOUN,True
29,–,PUNCT,–,PUNCT,True
30,entre,ADP,entre,ADP,True
31,600°C,NUM,600°C,NUM,True
32,e,CCONJ,e,CCONJ,True
33,1000°C,NUM,1000°C,NUM,True
34,.,PUNCT,.,PUNCT,True







i,w,x,w1,x1,DIF
1,O,DET,O,DET,True
2,catalisador,NOUN,catalisador,NOUN,True
3,a,ADP,a,ADP,True
4,esta,DET,esta,DET,True
5,temperatura,NOUN,temperatura,NOUN,True
6,pode,VERB,pode,VERB,True
7,ser,AUX,ser,AUX,True
8,o,DET,o,DET,True
9,níquel,NOUN,níquel,NOUN,True
10,",",PUNCT,",",PUNCT,True
11,mais,ADV,mais,ADV,True
12,barato,ADJ,barato,ADJ,True
13,que,SCONJ,que,SCONJ,True
14,a,DET,a,DET,True
15,platina,NOUN,platina,NOUN,True
16,",",PUNCT,",",PUNCT,True
17,pois,SCONJ,pois,CCONJ,False
18-19,nesta,_,nesta,_,True
18,em,ADP,em,ADP,True
19,esta,DET,esta,DET,True
20,temperatura,NOUN,temperatura,NOUN,True
21,as,DET,as,DET,True
22,reações,NOUN,reações,NOUN,True
23,de,ADP,de,ADP,True
24,catálise,NOUN,catálise,NOUN,True
25,ocorrem,VERB,ocorrem,VERB,True
26,mais,ADV,mais,ADV,True
27,facilmente,ADV,facilmente,ADV,True
28,dispensando,VERB,dispensando,VERB,True
29,um,DET,um,DET,True
30,catalisador,NOUN,catalisador,NOUN,True
31,de,ADP,de,ADP,True
32,altíssima,ADJ,altíssima,ADJ,True
33,taxa,NOUN,taxa,NOUN,True
34,de,ADP,de,ADP,True
35,reações,NOUN,reações,NOUN,True
36,e,CCONJ,e,CCONJ,True
37,caro,ADJ,caro,ADJ,True
38,como,ADP,como,SCONJ,False
39,a,DET,a,DET,True
40,platina,NOUN,platina,NOUN,True
41,.,PUNCT,.,PUNCT,True







i,w,x,w1,x1,DIF
1,Este,DET,Este,DET,True
2,sistema,NOUN,sistema,NOUN,True
3,para,ADP,para,ADP,True
4,produção,NOUN,produção,NOUN,True
5,de,ADP,de,ADP,True
6,hidrogênio,NOUN,hidrogênio,NOUN,True
7,não,ADV,não,ADV,True
8,é,AUX,é,AUX,True
9,considerado,VERB,considerado,VERB,True
10,ecologicamente,ADV,ecologicamente,ADV,True
11,correto,ADJ,correto,ADJ,True
12,",",PUNCT,",",PUNCT,True
13,devido,ADV,devido,ADV,True
14-15,às,_,às,_,True
14,a,ADP,a,ADP,True
15,as,DET,as,DET,True
16,emissões,NOUN,emissões,NOUN,True
17,de,ADP,de,ADP,True
18,CO2,PROPN,CO2,PROPN,True
19,",",PUNCT,",",PUNCT,True
20,que,PRON,que,PRON,True
21,contribuem,VERB,contribuem,VERB,True
22,para,ADP,para,ADP,True
23,o,DET,o,DET,True
24,aumento,NOUN,aumento,NOUN,True
25-26,do,_,do,_,True
25,de,ADP,de,ADP,True
26,o,DET,o,DET,True
27,efeito,NOUN,efeito,NOUN,True
28,estufa,ADJ,estufa,NOUN,False
29,.,PUNCT,.,PUNCT,True







i,w,x,w1,x1,DIF
1,O,DET,O,DET,True
2,metanol,NOUN,metanol,NOUN,True
3,é,AUX,é,AUX,True
4,convertido,VERB,convertido,VERB,True
5,em,ADP,em,ADP,True
6,dióxido,NOUN,dióxido,NOUN,True
7,de,ADP,de,ADP,True
8,carbono,NOUN,carbono,NOUN,True
9,e,CCONJ,e,CCONJ,True
10,hidrogênio,NOUN,hidrogênio,NOUN,True
11-12,no,_,no,_,True
11,em,ADP,em,ADP,True
12,o,DET,o,DET,True
13,anodo,NOUN,anodo,NOUN,True
14,.,PUNCT,.,PUNCT,True







i,w,x,w1,x1,DIF
1,Os,DET,Os,DET,True
2,prótons,NOUN,prótons,NOUN,True
3,gerados,VERB,gerados,VERB,True
4-5,na,_,na,_,True
4,em,ADP,em,ADP,True
5,a,DET,a,DET,True
6,oxidação,NOUN,oxidação,NOUN,True
7-8,do,_,do,_,True
7,de,ADP,de,ADP,True
8,o,DET,o,DET,True
9,metanol,NOUN,metanol,NOUN,True
10,atravessam,VERB,atravessam,VERB,True
11,a,DET,a,DET,True
12,membrana,NOUN,membrana,NOUN,True
13,até,SCONJ,até,SCONJ,True
14,reagir,VERB,reagir,VERB,True
15,com,ADP,com,ADP,True
16,o,DET,o,DET,True
17,oxigênio,NOUN,oxigênio,NOUN,True
18,para,SCONJ,para,SCONJ,True
19,formar,VERB,formar,VERB,True
20,água,NOUN,água,NOUN,True
21,",",PUNCT,",",PUNCT,True
22,seguindo,VERB,seguindo,VERB,True
23,uma,DET,uma,DET,True
24,reação,NOUN,reação,NOUN,True
25,semelhante,ADJ,semelhante,ADJ,True
26-27,àquela,_,àquela,_,True
26,a,ADP,a,ADP,True
27,aquela,PRON,aquela,PRON,True
28,que,PRON,que,PRON,True
29,ocorre,VERB,ocorre,VERB,True
30,em,ADP,em,ADP,True
31,uma,DET,uma,DET,True
32,PEMFC,PROPN,PEMFC,PROPN,True
33,.,PUNCT,.,PUNCT,True







i,w,x,w1,x1,DIF
1,As,DET,As,DET,True
2,DMFC,PROPN,DMFC,PROPN,True
3,não,ADV,não,ADV,True
4,tem,VERB,tem,VERB,True
5,muitos,DET,muitos,DET,True
6-7,dos,_,dos,_,True
6,de,ADP,de,ADP,True
7,os,DET,os,DET,True
8,problemas,NOUN,problemas,NOUN,True
9,de,ADP,de,ADP,True
10,armazenamento,NOUN,armazenamento,NOUN,True
11,típicos,ADJ,típicos,ADJ,True
12,de,ADP,de,ADP,True
13,outras,DET,outras,DET,True
14,tecnologias,NOUN,tecnologias,NOUN,True
15,",",PUNCT,",",PUNCT,True
16,pois,SCONJ,pois,SCONJ,True
17,o,DET,o,DET,True
18,metanol,NOUN,metanol,NOUN,True
19,tem,VERB,tem,VERB,True
20,uma,DET,uma,DET,True
21,densidade,NOUN,densidade,NOUN,True
22,de,ADP,de,ADP,True
23,energia,NOUN,energia,NOUN,True
24,aproveitável,ADJ,aproveitável,ADJ,True
25,maior,ADJ,maior,ADJ,True
26,que,PRON,que,SCONJ,False
27,a,ADP,a,PRON,False
28-29,do,_,do,_,True
28,de,ADP,de,ADP,True
29,o,DET,o,DET,True
30,hidrogênio,NOUN,hidrogênio,NOUN,True
31,",",PUNCT,",",PUNCT,True
32,embora,SCONJ,embora,SCONJ,True
33,menor,ADJ,menor,ADJ,True
34,que,SCONJ,que,SCONJ,True
35,a,PRON,a,PRON,True
36-37,da,_,da,_,True
36,de,ADP,de,ADP,True
37,a,DET,a,DET,True
38,gasolina,NOUN,gasolina,NOUN,True
39,ou,CCONJ,ou,CCONJ,True
40,diesel,NOUN,diesel,NOUN,True
41,.,PUNCT,.,PUNCT,True







i,w,x,w1,x1,DIF
1,O,DET,O,DET,True
2,metanol,NOUN,metanol,NOUN,True
3,também,ADV,também,ADV,True
4,é,AUX,é,AUX,True
5,mais,ADV,mais,ADV,True
6,fácil,ADJ,fácil,ADJ,True
7,de,SCONJ,de,SCONJ,True
8,transportar,VERB,transportar,VERB,True
9,e,CCONJ,e,CCONJ,True
10,fornecer,VERB,fornecer,VERB,True
11,para,ADP,para,ADP,True
12,o,DET,o,DET,True
13,mercado,NOUN,mercado,NOUN,True
14,",",PUNCT,",",PUNCT,True
15,pois,SCONJ,pois,CCONJ,False
16,pode,VERB,pode,VERB,True
17,utilizar,VERB,utilizar,VERB,True
18,a,DET,a,DET,True
19,corrente,ADJ,corrente,NOUN,False
20,infra-estrutura,NOUN,infra-estrutura,NOUN,True
21,por,SCONJ,por,SCONJ,True
22,ser,AUX,ser,AUX,True
23,um,DET,um,DET,True
24,combustível,NOUN,combustível,NOUN,True
25,líquido,ADJ,líquido,ADJ,True
26,",",PUNCT,",",PUNCT,True
27,como,ADP,como,ADV,False
28,a,DET,a,DET,True
29,gasolina,NOUN,gasolina,NOUN,True
30,.,PUNCT,.,PUNCT,True







i,w,x,w1,x1,DIF
1,Estas,DET,Estas,DET,True
2,células,NOUN,células,NOUN,True
3,operam,VERB,operam,VERB,True
4,em,ADP,em,ADP,True
5,temperaturas,NOUN,temperaturas,NOUN,True
6,entre,ADP,entre,ADP,True
7,120,NUM,120,NUM,True
8,e,CCONJ,e,CCONJ,True
9,130°C,NUM,130°C,NUM,True
10,e,CCONJ,e,CCONJ,True
11,atingem,VERB,atingem,VERB,True
12,uma,DET,uma,DET,True
13,eficiência,NOUN,eficiência,NOUN,True
14,de,ADP,de,ADP,True
15,aproximadamente,ADV,aproximadamente,ADV,True
16,40%,NUM,40%,NUM,True
17,.,PUNCT,.,PUNCT,True







i,w,x,w1,x1,DIF
1,A,DET,A,DET,True
2,desvantagem,NOUN,desvantagem,NOUN,True
3,é,VERB,é,VERB,True
4,que,SCONJ,que,SCONJ,True
5,a,DET,a,DET,True
6,baixa,ADJ,baixa,ADJ,True
7,temperatura,NOUN,temperatura,NOUN,True
8,de,ADP,de,ADP,True
9,conversão,NOUN,conversão,NOUN,True
10-11,do,_,do,_,True
10,de,ADP,de,ADP,True
11,o,DET,o,DET,True
12,metanol,NOUN,metanol,NOUN,True
13,para,ADP,para,ADP,True
14,hidrogênio,NOUN,hidrogênio,NOUN,True
15,e,CCONJ,e,CCONJ,True
16,dióxido,NOUN,dióxido,NOUN,True
17,de,ADP,de,ADP,True
18,carbono,NOUN,carbono,NOUN,True
19,precisa,VERB,precisa,VERB,True
20,de,ADP,de,ADP,True
21,uma,DET,uma,DET,True
22,quantidade,NOUN,quantidade,NOUN,True
23,maior,ADJ,maior,ADJ,True
24,de,ADP,de,ADP,True
25,platina,NOUN,platina,NOUN,True
26,como,ADP,como,ADP,True
27,catalisador,NOUN,catalisador,NOUN,True
28-29,do,_,do,_,True
28,de,ADP,de,ADP,True
29,o,PRON,o,PRON,True
30,que,PRON,que,PRON,True
31-32,na,_,na,_,True
31,em,ADP,em,ADP,True
32,a,DET,a,DET,True
33,PEMFC,PROPN,PEMFC,PROPN,True
34,",",PUNCT,",",PUNCT,True
35,o,PRON,o,PRON,True
36,que,PRON,que,PRON,True
37,aumenta,VERB,aumenta,VERB,True
38,o,DET,o,DET,True
39,custo,NOUN,custo,NOUN,True
40,de,ADP,de,ADP,True
41,produção,NOUN,produção,NOUN,True
42,.,PUNCT,.,PUNCT,True







i,w,x,w1,x1,DIF
1,O,DET,O,DET,True
2,aumento,NOUN,aumento,NOUN,True
3-4,no,_,no,_,True
3,em,ADP,em,ADP,True
4,o,DET,o,DET,True
5,custo,NOUN,custo,NOUN,True
6,é,AUX,é,AUX,True
7,",",PUNCT,",",PUNCT,True
8,entretanto,CCONJ,entretanto,CCONJ,True
9,",",PUNCT,",",PUNCT,True
10,compensado,VERB,compensado,VERB,True
11-12,pela,_,pela,_,True
11,por,ADP,por,ADP,True
12,a,DET,a,DET,True
13,praticidade,NOUN,praticidade,NOUN,True
14,de,SCONJ,de,SCONJ,True
15,utilizar,VERB,utilizar,VERB,True
16,um,DET,um,DET,True
17,combustível,NOUN,combustível,NOUN,True
18,líquido,ADJ,líquido,ADJ,True
19,e,CCONJ,e,CCONJ,True
20,de,SCONJ,de,SCONJ,True
21,não,ADV,não,ADV,True
22,necessitar,VERB,necessitar,VERB,True
23,de,ADP,de,ADP,True
24,um,DET,um,DET,True
25,reformador,NOUN,reformador,NOUN,True
26,.,PUNCT,.,PUNCT,True







i,w,x,w1,x1,DIF
1,A,DET,A,DET,True
2,tecnologia,NOUN,tecnologia,NOUN,True
3,existente,ADJ,existente,ADJ,True
4-5,nas,_,nas,_,True
4,em,ADP,em,ADP,True
5,as,DET,as,DET,True
6,DMFCs,PROPN,DMFCs,PROPN,True
7,ainda,ADV,ainda,ADV,True
8,está,AUX,está,AUX,True
9,em,ADP,em,ADP,True
10,início,NOUN,início,NOUN,True
11,de,ADP,de,ADP,True
12,desenvolvimento,NOUN,desenvolvimento,NOUN,True
13,mas,CCONJ,mas,CCONJ,True
14,já,ADV,já,ADV,True
15,têm,AUX,têm,AUX,True
16,demonstrado,VERB,demonstrado,VERB,True
17,sucesso,NOUN,sucesso,NOUN,True
18,em,ADP,em,ADP,True
19,aplicações,NOUN,aplicações,NOUN,True
20,em,ADP,em,ADP,True
21,telefones,NOUN,telefones,NOUN,True
22,celulares,ADJ,celulares,ADJ,True
23,e,CCONJ,e,CCONJ,True
24,laptops,NOUN,laptops,ADJ,False
25,",",PUNCT,",",PUNCT,True
26,mercados,NOUN,mercados,NOUN,True
27,potenciais,ADJ,potenciais,ADJ,True
28,para,ADP,para,ADP,True
29,esta,DET,esta,DET,True
30,tecnologia,NOUN,tecnologia,NOUN,True
31,.,PUNCT,.,PUNCT,True







i,w,x,w1,x1,DIF
1,As,DET,As,DET,True
2,aniônicas,NOUN,aniônicas,NOUN,True
3,vão,AUX,vão,AUX,True
4,realizar,VERB,realizar,VERB,True
5,o,DET,o,DET,True
6,transporte,NOUN,transporte,NOUN,True
7,de,ADP,de,ADP,True
8,ânions,NOUN,ânions,NOUN,True
9,e,CCONJ,e,CCONJ,True
10,as,DET,as,DET,True
11,catiônicas,NOUN,catiônicas,NOUN,True
12,",",PUNCT,",",PUNCT,True
13,de,ADP,de,ADP,True
14,cátions,NOUN,cátions,NOUN,True
15,.,PUNCT,.,PUNCT,True







i,w,x,w1,x1,DIF
1,Este,DET,Este,DET,True
2,transporte,NOUN,transporte,NOUN,True
3,de,ADP,de,ADP,True
4,cátions,NOUN,cátions,NOUN,True
5,que,PRON,que,PRON,True
6,ocorre,VERB,ocorre,VERB,True
7-8,na,_,na,_,True
7,em,ADP,em,ADP,True
8,a,DET,a,DET,True
9,membrana,NOUN,membrana,NOUN,True
10,é,AUX,é,AUX,True
11,devido,ADV,devido,ADV,True
12,a,ADP,a,ADP,True
13,grupos,NOUN,grupos,NOUN,True
14,presentes,ADJ,presentes,ADJ,True
15-16,na,_,na,_,True
15,em,ADP,em,ADP,True
16,a,DET,a,DET,True
17,cadeia,NOUN,cadeia,NOUN,True
18,polimérica,ADJ,polimérica,ADJ,True
19,.,PUNCT,.,PUNCT,True







i,w,x,w1,x1,DIF
1,Uma,DET,Uma,DET,True
2,membrana,NOUN,membrana,NOUN,True
3,de,ADP,de,ADP,True
4,troca,NOUN,troca,NOUN,True
5,iônica,ADJ,iônica,ADJ,True
6,deve,VERB,deve,VERB,True
7,possuir,VERB,possuir,VERB,True
8,algumas,DET,algumas,DET,True
9,propriedades,NOUN,propriedades,NOUN,True
10,fundamentais,ADJ,fundamentais,ADJ,True
11,para,ADP,para,ADP,True
12,seu,DET,seu,DET,True
13,bom,ADJ,bom,ADJ,True
14,funcionamento,NOUN,funcionamento,NOUN,True
15,.,PUNCT,.,PUNCT,True







i,w,x,w1,x1,DIF
1,Não,ADV,Não,ADV,True
2,pode,VERB,pode,VERB,True
3,ser,AUX,ser,AUX,True
4,permeável,ADJ,permeável,ADJ,True
5,a,ADP,a,ADP,True
6,gases,NOUN,gases,NOUN,True
7,e,CCONJ,e,CCONJ,True
8,deve,VERB,deve,VERB,True
9,promover,VERB,promover,VERB,True
10,o,DET,o,DET,True
11,transporte,NOUN,transporte,NOUN,True
12,de,ADP,de,ADP,True
13,íons,NOUN,íons,NOUN,True
14,.,PUNCT,.,PUNCT,True







i,w,x,w1,x1,DIF
1,Além,ADV,Além,ADV,True
2-3,disso,_,disso,_,True
2,de,ADP,de,ADP,True
3,isso,PRON,isso,PRON,True
4,",",PUNCT,",",PUNCT,True
5,é,AUX,é,AUX,True
6,preciso,ADJ,preciso,ADJ,True
7,que,SCONJ,que,SCONJ,True
8,tenham,VERB,tenham,VERB,True
9,boa,ADJ,boa,ADJ,True
10,resistência,NOUN,resistência,NOUN,True
11,mecânica,ADJ,mecânica,ADJ,True
12,(,PUNCT,(,PUNCT,True
13,para,SCONJ,para,SCONJ,True
14,que,SCONJ,que,SCONJ,True
15,suportem,VERB,suportem,VERB,True
16,as,DET,as,DET,True
17,condições,NOUN,condições,NOUN,True
18-19,da,_,da,_,True
18,de,ADP,de,ADP,True
19,a,DET,a,DET,True
20,célula,NOUN,célula,NOUN,True
21,),PUNCT,),PUNCT,True
22,",",PUNCT,",",PUNCT,True
23,estabilidade,NOUN,estabilidade,NOUN,True
24,dimensional,ADJ,dimensional,ADJ,True
25,(,PUNCT,(,PUNCT,True
26,não,ADV,não,ADV,True
27,deve,VERB,deve,VERB,True
28,inchar,VERB,inchar,VERB,True
29,nem,CCONJ,nem,CCONJ,True
30,encolher,VERB,encolher,VERB,True
31,",",PUNCT,",",PUNCT,True
32,independentemente,ADV,independentemente,ADV,True
33-34,das,_,das,_,True
33,de,ADP,de,ADP,True
34,as,DET,as,DET,True
35,condições,NOUN,condições,NOUN,True
36,),PUNCT,),PUNCT,True
37,e,CCONJ,e,CCONJ,True
38,estabilidade,NOUN,estabilidade,NOUN,True
39,química,ADJ,química,ADJ,True
40,",",PUNCT,",",PUNCT,True
41,que,PRON,que,PRON,True
42,devem,VERB,devem,VERB,True
43,suportar,VERB,suportar,VERB,True
44,meios,NOUN,meios,NOUN,True
45-46,na,_,na,_,True
45,em,ADP,em,ADP,True
46,a,DET,a,DET,True
47,faixa,NOUN,faixa,NOUN,True
48,de,ADP,de,ADP,True
49,pH,NOUN,pH,NOUN,True
50,de,ADP,de,ADP,True
51,operação,NOUN,operação,NOUN,True
52,",",PUNCT,",",PUNCT,True
53,assim,ADV,assim,ADV,True
54,como,ADP,como,ADP,True
55,agentes,NOUN,agentes,NOUN,True
56,oxidantes,ADJ,oxidantes,ADJ,True
57,.,PUNCT,.,PUNCT,True







i,w,x,w1,x1,DIF
1,Vários,DET,Vários,DET,True
2,trabalhos,NOUN,trabalhos,NOUN,True
3,têm,AUX,têm,AUX,True
4,sido,AUX,sido,AUX,True
5,desenvolvidos,VERB,desenvolvidos,VERB,True
6-7,na,_,na,_,True
6,em,ADP,em,ADP,True
7,a,DET,a,DET,True
8,intenção,NOUN,intenção,NOUN,True
9,de,SCONJ,de,SCONJ,True
10,obter,VERB,obter,VERB,True
11,membranas,NOUN,membranas,NOUN,True
12,de,ADP,de,ADP,True
13,condução,NOUN,condução,NOUN,True
14,protônica,ADJ,protônica,ADJ,True
15,eficientes,ADJ,eficientes,ADJ,True
16,e,CCONJ,e,CCONJ,True
17,de,ADP,de,ADP,True
18,baixo,ADJ,baixo,ADJ,True
19,custo,NOUN,custo,NOUN,True
20,.,PUNCT,.,PUNCT,True







i,w,x,w1,x1,DIF
1,Portanto,ADV,Portanto,ADV,True
2,",",PUNCT,",",PUNCT,True
3,o,DET,o,DET,True
4,PBE,PROPN,PBE,PROPN,True
5,apresenta,VERB,apresenta,VERB,True
6,características,NOUN,características,NOUN,True
7,térmicas,ADJ,térmicas,ADJ,True
8,e,CCONJ,e,CCONJ,True
9,de,ADP,de,ADP,True
10,estabilidade,NOUN,estabilidade,NOUN,True
11,eletroquímica,ADJ,eletroquímica,ADJ,True
12,adequadas,ADJ,adequadas,ADJ,True
13,para,SCONJ,para,SCONJ,True
14,ser,AUX,ser,AUX,True
15,testado,VERB,testado,VERB,True
16,como,ADP,como,ADP,True
17,membrana,NOUN,membrana,NOUN,True
18,condutora,ADJ,condutora,ADJ,True
19,protônica,ADJ,protônica,ADJ,True
20,.,PUNCT,.,PUNCT,True







i,w,x,w1,x1,DIF
1,Esta,DET,Esta,DET,True
2,família,NOUN,família,NOUN,True
3,de,ADP,de,ADP,True
4,materiais,NOUN,materiais,NOUN,True
5,",",PUNCT,",",PUNCT,True
6,que,PRON,que,PRON,True
7,apresentam,VERB,apresentam,VERB,True
8,ordem,NOUN,ordem,NOUN,True
9,estrutural,ADJ,estrutural,ADJ,True
10-11,na,_,na,_,True
10,em,ADP,em,ADP,True
11,a,DET,a,DET,True
12,faixa,NOUN,faixa,NOUN,True
13,de,ADP,de,ADP,True
14,nanômetros,NOUN,nanômetros,NOUN,True
15,",",PUNCT,",",PUNCT,True
16,pode,VERB,pode,VERB,True
17,ser,AUX,ser,AUX,True
18,chamada,VERB,chamada,VERB,True
19,de,ADP,de,ADP,True
20,nanopartículas,NOUN,nanopartículas,NOUN,True
21,.,PUNCT,.,PUNCT,True







i,w,x,w1,x1,DIF
1,Compósitos,NOUN,Compósitos,NOUN,True
2,ou,CCONJ,ou,CCONJ,True
3,nanocompósitos,NOUN,nanocompósitos,NOUN,True
4,são,AUX,são,AUX,True
5,obtidos,VERB,obtidos,VERB,True
6,",",PUNCT,",",PUNCT,True
7,em,ADP,em,ADP,True
8,casos,NOUN,casos,NOUN,True
9,onde,PRON,onde,PRON,True
10,a,DET,a,DET,True
11,matriz,NOUN,matriz,NOUN,True
12,utilizada,VERB,utilizada,VERB,True
13-14,na,_,na,_,True
13,em,ADP,em,ADP,True
14,a,DET,a,DET,True
15,síntese,NOUN,síntese,NOUN,True
16,não,ADV,não,ADV,True
17,é,AUX,é,AUX,True
18,dissolvida,VERB,dissolvida,VERB,True
19,(,PUNCT,(,PUNCT,True
20,template,NOUN,template,NOUN,True
21,),PUNCT,),PUNCT,True
22,",",PUNCT,",",PUNCT,True
23,pois,SCONJ,pois,CCONJ,False
24,as,DET,as,DET,True
25,dimensões,NOUN,dimensões,NOUN,True
26-27,da,_,da,_,True
26,de,ADP,de,ADP,True
27,a,DET,a,DET,True
28,fase,NOUN,fase,NOUN,True
29,polimérica,ADJ,polimérica,ADJ,True
30,sintetizada,VERB,sintetizada,VERB,True
31,estarão,AUX,estarão,AUX,True
32,delimitadas,ADJ,delimitadas,VERB,False
33-34,pelas,_,pelas,_,True
33,por,ADP,por,ADP,True
34,as,DET,as,DET,True
35,dimensões,NOUN,dimensões,NOUN,True
36-37,dos,_,dos,_,True
36,de,ADP,de,ADP,True
37,os,DET,os,DET,True
38,espaços,NOUN,espaços,NOUN,True
39,vazios,ADJ,vazios,ADJ,True
40-41,das,_,das,_,True
40,de,ADP,de,ADP,True
41,as,DET,as,DET,True
42,matrizes,NOUN,matrizes,NOUN,True
43,hospedeiras,ADJ,hospedeiras,ADJ,True
44,",",PUNCT,",",PUNCT,True
45,geralmente,ADV,geralmente,ADV,True
46-47,na,_,na,_,True
46,em,ADP,em,ADP,True
47,a,DET,a,DET,True
48,faixa,NOUN,faixa,NOUN,True
49,de,ADP,de,ADP,True
50,nanômetros,NOUN,nanômetros,NOUN,True
51,.,PUNCT,.,PUNCT,True







i,w,x,w1,x1,DIF
1,O,DET,O,DET,True
2,aumento,NOUN,aumento,NOUN,True
3-4,da,_,da,_,True
3,de,ADP,de,ADP,True
4,a,DET,a,DET,True
5,temperatura,NOUN,temperatura,NOUN,True
6,de,ADP,de,ADP,True
7,operação,NOUN,operação,NOUN,True
8-9,da,_,da,_,True
8,de,ADP,de,ADP,True
9,a,DET,a,DET,True
10,célula,NOUN,célula,NOUN,True
11,reduz,VERB,reduz,VERB,True
12,o,DET,o,DET,True
13,envenenamento,NOUN,envenenamento,NOUN,True
14-15,do,_,do,_,True
14,de,ADP,de,ADP,True
15,o,DET,o,DET,True
16,catalisador,NOUN,catalisador,NOUN,True
17,por,ADP,por,ADP,True
18,CO,PROPN,CO,NOUN,False
19,em,ADP,em,ADP,True
20,células,NOUN,células,NOUN,True
21,com,ADP,com,ADP,True
22,hidrogênio,NOUN,hidrogênio,NOUN,True
23,",",PUNCT,",",PUNCT,True
24,e,CCONJ,e,CCONJ,True
25-26,do,_,do,_,True
25,de,ADP,de,ADP,True
26,o,DET,o,DET,True
27,anodo,NOUN,anodo,NOUN,True
28-29,pelos,_,pelos,_,True
28,por,ADP,por,ADP,True
29,os,DET,os,DET,True
30,resíduos,NOUN,resíduos,NOUN,True
31,metanólicos,ADJ,metanólicos,ADJ,True
32,adsorbidos,VERB,adsorbidos,VERB,True
33,em,ADP,em,ADP,True
34,células,NOUN,células,NOUN,True
35,a,ADP,a,ADP,True
36,metanol,NOUN,metanol,NOUN,True
37,.,PUNCT,.,PUNCT,True







i,w,x,w1,x1,DIF
1,Uma,DET,Uma,DET,True
2,maior,ADJ,maior,ADJ,True
3,temperatura,NOUN,temperatura,NOUN,True
4,de,ADP,de,ADP,True
5,operação,NOUN,operação,NOUN,True
6-7,da,_,da,_,True
6,de,ADP,de,ADP,True
7,a,DET,a,DET,True
8,célula,NOUN,célula,NOUN,True
9,aumentaria,VERB,aumentaria,VERB,True
10,a,DET,a,DET,True
11,velocidade,NOUN,velocidade,NOUN,True
12-13,da,_,da,_,True
12,de,ADP,de,ADP,True
13,a,DET,a,DET,True
14,reação,NOUN,reação,NOUN,True
15,de,ADP,de,ADP,True
16,oxidação,NOUN,oxidação,NOUN,True
17-18,do,_,do,_,True
17,de,ADP,de,ADP,True
18,o,DET,o,DET,True
19,metanol,NOUN,metanol,NOUN,True
20,e,CCONJ,e,CCONJ,True
21,diminuiria,VERB,diminuiria,VERB,True
22,o,DET,o,DET,True
23,envenenamento,NOUN,envenenamento,NOUN,True
24-25,do,_,do,_,True
24,de,ADP,de,ADP,True
25,o,DET,o,DET,True
26,eletrocatalisador,ADJ,eletrocatalisador,NOUN,False
27,por,ADP,por,ADP,True
28,CO,PROPN,CO,PROPN,True
29,(,PUNCT,(,PUNCT,True
30,para,ADP,para,ADP,True
31,o,DET,o,DET,True
32,combustível,NOUN,combustível,NOUN,True
33,H2,PROPN,H2,PROPN,True
34,),PUNCT,),PUNCT,True
35,.,PUNCT,.,PUNCT,True







i,w,x,w1,x1,DIF
1,Aumentaram,VERB,Aumentaram,VERB,True
2,a,DET,a,DET,True
3,condutividade,NOUN,condutividade,NOUN,True
4,protônica,ADJ,protônica,ADJ,True
5,e,CCONJ,e,CCONJ,True
6,a,DET,a,DET,True
7,retenção,NOUN,retenção,NOUN,True
8,de,ADP,de,ADP,True
9,água,NOUN,água,NOUN,True
10-11,do,_,do,_,True
10,de,ADP,de,ADP,True
11,o,DET,o,DET,True
12,eletrólito,NOUN,eletrólito,NOUN,True
13,a,ADP,a,ADP,True
14,temperaturas,NOUN,temperaturas,NOUN,True
15,de,ADP,de,ADP,True
16,operação,NOUN,operação,NOUN,True
17-18,da,_,da,_,True
17,de,ADP,de,ADP,True
18,a,DET,a,DET,True
19,célula,NOUN,célula,NOUN,True
20,de,ADP,de,ADP,True
21,150,NUM,150,NUM,True
22,°C,NOUN,°C,SYM,False
23,.,PUNCT,.,PUNCT,True







