"UNLI_CD_UNID_LITO";"UNLI_SG_UNID_LITO";"UNLI_NM_UNID_LITO";"UNLI_CD_UNID_LIT_S";"UNLI_CD_UNID_AGP";"TIUL_CD_TIPO_UNID";"UNLI_TX_FONTE_REF"
"426";"PRECAR  ";"SEQUENCIA PRE-CARBONIFERA";"";"786070";"FM";""
"414";"F NHAMUN";"FM. NHAMUNDA";"410";"921096";"FM";""
"415";"F MIRADO";"FM. MIRADOR";"404";"922598";"FM";""
"416";"F AUTMIR";"FM. AUTAS MIRIM";"410";"923096";"FM";""
"417";"F RIACHA";"FM. RIACHAO";"404";"923098";"FM";""
"418";"G PURUS ";"GR. PURUS";"";"923105";"GR";""
"419";"G ESTANC";"GR. ESTANCIA";"";"924098";"GR";""
"420";"F ACARI ";"FM. ACARI";"418";"925098";"FM";""
"421";"F PROSPE";"FM. PROSPERANCA";"418";"925598";"FM";""
"422";"G ITAJAI";"GR. ITAJAI";"";"926399";"GR";""
"423";"EMBASA  ";"EMBASAMENTO";"";"927099";"FM";""
"424";"SOLEIR  ";"SOLEIRA";"";"928099";"FM";""
"425";"DIQUE   ";"DIQUE";"";"929099";"FM";""
"110";"F TRAVOS";"FM. TRAVOSAS";"49";"280035";"FM";""
"111";"F IMBITU";"FM. IMBITUBA";"";"283045";"FM";""
"77";"F CARAPB";"FM. CARAPEBUS";"14";"221510";"FM";""
"78";"C ALBACO";"ARENITO ALBACORA";"77";"221710";"CM";""
"79";"C MARLIM";"ARENITO MARLIM";"77";"221810";"CM";""
"80";"C CORVIN";"CONGLOMERADO CORVINA";"77";"221815";"CM";""
"81";"C ENCHOV";"ARENITO ENCHOVA";"77";"221910";"CM";""
"82";"C BARRAC";"ARENITO BARRACUDA";"77";"222010";"CM";""
"83";"C GUARAJ";"ARENITO GUARAJUBA";"77";"222110";"CM";""
"84";"C CARAPE";"ARENITO CARAPEBA";"77";"222210";"CM";""
"85";"C ESPADA";"ARENITO ESPADARTE";"77";"222310";"CM";""
"86";"F FLORIP";"FM. FLORIANOPOLIS";"";"225045";"FM";""
"87";"F FLOITA";"FM. FLORIANOPOLIS/ITANHAEM INDIVISAS";"";"230045";"FM";""
"88";"F ATLANT";"FM. ATLANTIDA";"";"231043";"FM";""
"89";"F ITANHA";"FM. ITANHAEM";"";"235045";"FM";""
"90";"F FLOGUA";"FM. FLORIANOPOLIS/GUARUJA INDIVISAS";"";"240045";"FM";""
"91";"F TRAPTB";"FM. TRAMANDAI/PORTOBELO INDIVISAS";"";"241043";"FM";""
"92";"F GUARUJ";"FM. GUARUJA";"";"245045";"FM";""
"93";"F PORTOB";"FM. PORTOBELO";"";"251043";"FM";""
"94";"F GRAMAM";"FM. GRAMAME";"54";"252035";"FM";""
"95";"F ARIRI ";"FM. ARIRI";"";"253045";"FM";""
"96";"G BAURU ";"GR. BAURU";"";"258035";"GR";""
"97";"F BAUIND";"GR. BAURU INDIVISO";"96";"258135";"FM";""
"98";"F CURUMI";"FM. CURUMIM";"";"263045";"FM";""
"99";"G JAQUIR";"GR. JAQUIRANA";"";"264026";"GR";""
"100";"F JAQIND";"GR. JAQUIRANA INDIVISO";"99";"265026";"FM";""
"101";"F RAMON ";"FM. RAMON";"99";"265217";"FM";""
"102";"F DIVISO";"FM. DIVISOR";"99";"266035";"FM";""
"103";"F SERCUO";"FM. SERRA DO CUO";"24";"267010";"FM";""
"104";"F CASSIN";"FM. CASSINO";"";"273045";"FM";""
"105";"F AREINH";"FM. AREINHAS";"49";"274035";"FM";""
"106";"F AREIST";"FM. AREINHAS/ILHA DE SANTANA INDIVISAS";"49";"274535";"FM";""
"107";"F ISANTA";"FM. ILHA DE SANTANA";"49";"275035";"FM";""
"108";"F ISATRA";"FM. ILHA DE SANTANA/TRAVOSAS INDIVISAS";"49";"275138";"FM";""
"109";"F BEBERI";"FM. BEBERIBE";"54";"276036";"FM";""
"65";"F SANTOS";"FM. SANTOS";"";"205536";"FM";""
"66";"F SANJUR";"FM. SANTOS/JUREIA INDIVISAS";"";"205558";"FM";""
"67";"F JUREIA";"FM. JUREIA";"";"211536";"FM";""
"68";"F ITAACU";"FM. ITAJAI-ACU";"";"215045";"FM";""
"69";"G CAIUA ";"GR. CAIUA";"";"218043";"GR";""
"70";"F CAIIND";"GR. CAIUA INDIVISO";"69";"218148";"FM";""
"71";"M ILHBEL";"MB. ILHABELA";"68";"220045";"MB";""
"72";"F UBATUB";"FM. UBATUBA";"14";"221018";"FM";""
"73";"F TRAATL";"FM. TRAMANDAI/ATLANTIDA INDIVISAS";"";"221043";"FM";""
"74";"C ANOXIC";"CAMADA ANOXICO";"71";"221045";"CM";""
"75";"M GERIBA";"MB. GERIBA";"72";"221122";"MB";""
"76";"M TAMOIO";"MB. TAMOIOS";"72";"221222";"MB";""
"39";"F MARITU";"FM. MARITUBA";"34";"112014";"FM";""
"40";"F MOSQUE";"FM. MOSQUEIRO";"34";"113014";"FM";""
"41";"F CALUMB";"FM. CALUMBI";"";"114014";"FM";""
"42";"F IMBE  ";"FM. IMBE";"";"121025";"FM";""
"43";"M CURURU";"MB. CURURU";"31";"138021";"MB";""
"44";"F EMBUBA";"FMS. EMBORE/UBATUBA INDIVISAS";"14";"155017";"FM";""
"45";"F IGUAPE";"FM. IGUAPE";"";"159013";"FM";""
"46";"F IGUMAR";"FM. IGUAPE/MARAMBAIA INDIVISAS";"";"159023";"FM";""
"47";"F ALCIPO";"ALCALINAS DE IPORA";"";"161509";"FM";""
"48";"F ALCLAG";"ALCALINAS DE LAGES";"";"161809";"FM";""
"49";"G HUMCAM";"GR. HUMBERTO DE CAMPOS";"";"165024";"GR";""
"50";"F URUCUT";"FM. URUCUTUCA";"13";"176023";"FM";""
"51";"F UBARAN";"FM. UBARANA";"24";"177010";"FM";""
"52";"F ABROLH";"FM. ABROLHOS";"13";"180523";"FM";""
"53";"M AFUA  ";"MB. AFUA";"31";"182025";"MB";""
"54";"G PARAIB";"GR. PARAIBA";"";"184025";"GR";""
"55";"M ITAPAG";"MB. ITAPAGE";"51";"186038";"MB";""
"56";"F MARAMB";"FM. MARAMBAIA";"";"188013";"FM";""
"57";"F MARFAR";"FM. MARIA FARINHA";"54";"190025";"FM";""
"58";"M URUBUR";"MB. URUBURETAMA";"51";"199038";"MB";""
"59";"F MACAU ";"FM. MACAU";"24";"200512";"FM";""
"60";"G CAMAMU";"GR. CAMAMU";"";"201042";"GR";""
"61";"F TRAMAN";"FM. TRAMANDAI";"";"201043";"FM";""
"62";"F ALGODO";"FM. ALGODOES";"60";"201542";"FM";""
"63";"M GERMAN";"MB. GERMANIA";"62";"202042";"MB";""
"64";"M QUIEPE";"MB. QUIEPE";"62";"202542";"MB";""
"1";"SPA     ";"SEDIMENTOS DE PRAIAS E ALUVIOES";"";"10004";"FM";""
"2";"G PARA  ";"GR. PARA";"";"12004";"GR";""
"3";"F TUCUNA";"FM. TUCUNARE";"2";"14004";"FM";""
"4";"F TUCPIR";"FM. TUCUNARE/PIRARUCU INDIVISAS";"2";"14108";"FM";""
"5";"F PIRARU";"FM. PIRARUCU";"2";"14155";"FM";""
"6";"F PIRORA";"FM. PIRARUCU/ORANGE INDIVISAS";"2";"14208";"FM";""
"7";"F ORANGE";"FM. ORANGE";"2";"15105";"FM";""
"8";"G JAVARI";"GR. JAVARI";"";"17005";"GR";""
"9";"F SOLIMO";"FM. SOLIMOES";"8";"19005";"FM";""
"10";"F ALTCHA";"FM. ALTER DO CHAO";"8";"23005";"FM";""
"11";"F BOAVIS";"FM. BOA VISTA";"";"36003";"FM";""
"12";"F BARRRS";"FM. BARREIRAS";"";"44009";"FM";""
"13";"G ESPSAN";"GR. ESPIRITO SANTO";"";"45009";"GR";""
"14";"G CAMPOS";"GR. CAMPOS";"";"45011";"GR";""
"15";"F CACHOE";"FM. CACHOEIRINHA";"";"50009";"FM";""
"16";"F SEPETI";"FM. SEPETIBA";"";"55005";"FM";""
"17";"F RIODOC";"FM. RIO DOCE";"13";"56009";"FM";""
"18";"F RDOCAR";"FM. RIO DOCE/CARAVELAS INDIVISAS";"13";"56509";"FM";""
"19";"F CARAVE";"FM. CARAVELAS";"13";"57009";"FM";""
"20";"F EMBORE";"FM. EMBORE";"14";"59011";"FM";""
"21";"M GRUSSA";"MB. GRUSSAI";"20";"59411";"MB";""
"22";"M SAOTOM";"MB. SAO TOME";"20";"59611";"MB";""
"23";"M SIRI  ";"MB. SIRI";"20";"59811";"MB";""
"24";"G AGULHA";"GR. AGULHA";"24";"60005";"GR";""
"25";"F TIBAU ";"FM. TIBAU";"24";"70010";"FM";""
"26";"F TIBGUA";"FM. TIBAU/GUAMARE INDIVISAS";"24";"71007";"FM";""
"27";"F TUPANC";"FM. TUPANCIRETA";"";"71009";"FM";""
"28";"F PIRABA";"FM. PIRABAS";"";"76013";"FM";""
"29";"F GUAMAR";"FM. GUAMARE";"24";"78007";"FM";""
"30";"F SABIA ";"FM. SABIA";"";"78013";"FM";""
"31";"F MARAJO";"FM. MARAJO";"2";"82013";"FM";""
"32";"F MARAPA";"FM. MARAJO/AMAPA INDIVISAS";"2";"83018";"FM";""
"33";"M ARAGUA";"MB. ARAGUARI";"31";"84013";"MB";""
"34";"G PIACAB";"GR. PIACABUCU";"";"90005";"GR";""
"35";"F AMAPA ";"FM. AMAPA";"2";"90013";"FM";""
"36";"M MEXIAN";"MB. MEXIANA";"31";"100014";"MB";""
"37";"F CIDREI";"FM. CIDREIRA";"";"101025";"FM";""
"38";"F CIDIMB";"FM. CIDREIRA/IMBE INDIVISAS";"";"111025";"FM";""
"385";"M SDOMIN";"MB. SAO DOMINGOS";"384";"851080";"MB";""
"386";"M TIBAGI";"MB. TIBAGI";"384";"851580";"MB";""
"387";"M JAGRIV";"MB. JAGUARIAIVA";"384";"852080";"MB";""
"388";"F CABECA";"FM. CABECAS";"372";"856080";"FM";""
"389";"F PIMENT";"FM. PIMENTEIRAS";"372";"868082";"FM";""
"390";"F MAECUR";"FM. MAECURU";"381";"875083";"FM";""
"391";"F FURNAS";"FM. FURNAS";"383";"878083";"FM";""
"392";"G RIOIVA";"GR. RIO IVAI";"";"880089";"GR";""
"393";"F ITAIM ";"FM. ITAIM";"372";"882083";"FM";""
"394";"F VMARIA";"FM. VILA MARIA";"392";"890089";"FM";""
"395";"F JURUA ";"FM. JURUA";"301";"893080";"FM";""
"396";"G MARIMA";"GR. MARIMARI";"";"894005";"GR";""
"397";"F JANDIA";"FM. JANDIATUBA";"396";"894110";"FM";""
"398";"M JARAQU";"MB. JARAQUI";"397";"894215";"MB";""
"399";"F UERE  ";"FM. UERE";"396";"894320";"FM";""
"400";"M ARAUA ";"MB. ARAUA";"399";"894425";"MB";""
"401";"F JUTAI ";"FM. JUTAI";"396";"894530";"FM";""
"402";"M BIA   ";"MB. BIA";"401";"894635";"MB";""
"403";"F BENCON";"FM. BENJAMIN CONSTANT";"396";"894740";"FM";""
"404";"G SGRAND";"GR. SERRA GRANDE";"";"897092";"GR";""
"405";"F JAICOS";"FM. JAICOS";"404";"905092";"FM";""
"406";"F TIANGU";"FM. TIANGUA";"404";"909094";"FM";""
"407";"F IAPO  ";"FM. IAPO";"392";"910099";"FM";""
"408";"F IPU   ";"FM. IPU";"404";"911094";"FM";""
"409";"F ALTGAR";"FM. ALTO GARCAS";"392";"912099";"FM";""
"410";"G TROMBE";"GR. TROMBETAS";"";"913094";"GR";""
"411";"F MANACA";"FM. MANACAPURU";"410";"915094";"FM";""
"412";"F PITING";"FM. PITINGA";"410";"917094";"FM";""
"413";"F BSTTLG";"BASALTO TRES LAGOAS";"392";"920099";"FM";""
"375";"F POTI  ";"FM. POTI";"372";"818073";"FM";""
"376";"F ORIXIM";"FM. ORIXIMINA";"373";"819073";"FM";""
"377";"F CURIRI";"FM. CURIRI";"373";"825074";"FM";""
"378";"M ATALAI";"MB. ATALAIA";"368";"832074";"MB";""
"379";"F LONGA ";"FM. LONGA";"372";"838078";"FM";""
"380";"F BARREI";"FM. BARREIRINHA";"373";"843079";"FM";""
"381";"G URUPAD";"GR. URUPADI";"";"848070";"GR";""
"382";"F ERERE ";"FM. ERERE";"381";"849080";"FM";""
"383";"G PARANA";"GR. PARANA";"";"850050";"GR";""
"384";"F PONGRO";"FM. PONTA GROSSA";"383";"850080";"FM";""
"373";"G CURUA ";"GR. CURUA";"";"814090";"GR";""
"374";"F FARO  ";"FM. FARO";"373";"815073";"FM";""
"338";"F CORUMB";"FM. CORUMBATAI";"331";"726060";"FM";""
"339";"F TERESI";"FM. TERESINA";"331";"728060";"FM";""
"340";"F PEDFOG";"FM. PEDRA DE FOGO";"321";"734060";"FM";""
"341";"F SERALT";"FM. SERRA ALTA";"331";"736060";"FM";""
"342";"F IRATI ";"FM. IRATI";"331";"738060";"FM";""
"343";"M ASSIST";"MB. ASSISTENCIA";"342";"738560";"MB";""
"344";"M TAQRAL";"MB. TAQUARAL";"342";"739060";"MB";""
"345";"G GUATA ";"GR. GUATA";"";"740060";"GR";""
"346";"F DOURAD";"FM. DOURADOS";"345";"743060";"FM";""
"347";"F PALERM";"FM. PALERMO";"345";"744060";"FM";""
"348";"F RBONIT";"FM. RIO BONITO";"345";"750060";"FM";""
"349";"M SIDERO";"MB. SIDEROPOLIS";"348";"751060";"MB";""
"350";"M PARAGU";"MB. PARAGUACU";"348";"752060";"MB";""
"351";"M TRIUNF";"MB. TRIUNFO";"348";"753060";"MB";""
"352";"G ITARAR";"GR. ITARARE";"";"756062";"GR";""
"353";"F ITAIND";"GR. ITARARE INDIVISO";"352";"757062";"FM";""
"354";"F AQUIDA";"FM. AQUIDAUANA";"352";"757265";"FM";""
"355";"F TACIBA";"FM. TACIBA";"352";"758062";"FM";""
"356";"M CHASOL";"MB. CHAPEU DO SOL";"355";"759062";"MB";""
"357";"M RIOSUL";"MB. RIO DO SUL";"355";"760062";"MB";""
"358";"F CAMMOU";"FM. CAMPO MOURAO";"352";"771064";"FM";""
"359";"M RSEGRE";"MB. RIO SEGREDO";"358";"771364";"MB";""
"360";"M CAMTEN";"MB. CAMPO DO TENENTE";"358";"771564";"MB";""
"361";"F LAGAZU";"FM. LAGOA AZUL";"352";"772065";"FM";""
"362";"M TARABA";"MB. TARABAI";"361";"772565";"MB";""
"363";"M CUIPAU";"MB. CUIABA PAULISTA";"361";"773065";"MB";""
"364";"F ITAITU";"FM. ITAITUBA";"328";"783069";"FM";""
"365";"F CRUSUL";"FM. CRUZEIRO DO SUL";"99";"785060";"FM";""
"366";"F APUI  ";"FM. APUI";"99";"785165";"FM";""
"367";"F PIAUI ";"FM. PIAUI";"321";"788069";"FM";""
"368";"F BATING";"FM. BATINGA";"334";"790069";"FM";""
"369";"M BOACIC";"MB. BOACICA";"368";"792069";"MB";""
"370";"F MALEGR";"FM. MONTE ALEGRE";"328";"804070";"FM";""
"371";"M MULUNG";"MB. MULUNGU";"368";"812071";"MB";""
"372";"G CANIND";"GR. CANINDE";"";"814073";"GR";""
"321";"G BALSAS";"GR. BALSAS";"";"675055";"GR";""
"322";"F SAMBAI";"FM. SAMBAIBA";"321";"676055";"FM";""
"323";"F MOTUCA";"FM. MOTUCA";"321";"678055";"FM";""
"324";"F CURITU";"FM. CURITUBA";"295";"681054";"FM";""
"325";"G JATOBA";"GR. JATOBA";"";"691505";"GR";""
"326";"F INAJA ";"FM. INAJA";"325";"691510";"FM";""
"327";"F TACARA";"FM. TACARATU";"325";"691520";"FM";""
"328";"G TAPAJO";"GR. TAPAJOS";"";"702050";"GR";""
"329";"F ANDIRA";"FM. ANDIRA";"328";"703060";"FM";""
"330";"F NOLIND";"FM. NOVA OLINDA";"328";"705060";"FM";""
"331";"G PASDOI";"GR. PASSA DOIS";"";"707060";"GR";""
"332";"F PDOIND";"GR. PASSA DOIS INDIVISO";"331";"707160";"FM";""
"333";"F RRASTO";"FM. RIO DO RASTO";"331";"708060";"FM";""
"334";"G IGRNOV";"GR. IGREJA NOVA";"";"710005";"GR";""
"335";"M MORPEL";"MB. MORRO PELADO";"333";"710060";"MB";""
"300";"F CORDA ";"FM. CORDA";"298";"624053";"FM";""
"301";"G TEFE  ";"GR. TEFE";"";"627050";"GR";""
"302";"F ALIANC";"FM. ALIANCA";"295";"654054";"FM";""
"303";"F BANANE";"FM. BANANEIRAS";"294";"656054";"FM";""
"304";"F FONBOA";"FM. FONTE BOA";"301";"657059";"FM";""
"305";"F CARAUA";"FM. CARAUARI";"301";"657065";"FM";""
"306";"M CAPIAN";"MB. CAPIANGA";"302";"658054";"MB";""
"307";"F BOTUCA";"FM. BOTUCATU";"170";"660054";"FM";""
"308";"F PIRAMB";"FM. PIRAMBOIA";"170";"661050";"FM";""
"336";"F ARACAR";"FM. ARACARE";"334";"714060";"FM";""
"337";"M SERRIN";"MB. SERRINHA";"333";"724060";"MB";""
"309";"M BOIPEB";"MB. BOIPEBA";"302";"662054";"MB";""
"310";"F CANDEE";"FM. CANDEEIRO";"294";"664054";"FM";""
"311";"F AFLIGI";"FM. AFLIGIDOS";"295";"666754";"FM";""
"312";"M CAZUMB";"MB. CAZUMBA";"311";"667254";"MB";""
"313";"M PEDRAO";"MB. PEDRAO";"311";"667754";"MB";""
"314";"F PASBON";"FM. PASTOS BONS";"298";"668053";"FM";""
"315";"F ROSSUL";"FM. ROSARIO DO SUL";"170";"671055";"FM";""
"316";"M SMARIA";"MB. SANTA MARIA";"315";"671555";"MB";""
"317";"F MOSQUI";"FM. MOSQUITO";"298";"672053";"FM";""
"318";"F SANBRI";"FM. SANTA BRIGIDA";"295";"673054";"FM";""
"319";"M INGA  ";"MB. INGA";"318";"674054";"MB";""
"320";"M CALDEI";"MB. CALDEIRAO";"318";"675054";"MB";""
"296";"F ITAIPE";"FM. ITAIPE";"295";"619854";"FM";""
"297";"F SERGI ";"FM. SERGI";"295";"620054";"FM";""
"260";"F RETIRO";"FM. RETIRO";"258";"482048";"FM";""
"261";"F GARGAU";"FM. GARGAU";"258";"482548";"FM";""
"262";"F MACABU";"FM. MACABU";"258";"483548";"FM";""
"263";"F COQUEI";"FM. COQUEIROS";"258";"484048";"FM";""
"264";"F ATAFON";"FM. ATAFONA";"258";"484548";"FM";""
"265";"C BIT.1 ";"BIT - 1";"257";"510151";"CM";""
"266";"C BIT.2 ";"BIT - 2";"257";"511451";"CM";""
"267";"C BIT.3 ";"BIT - 3";"257";"514851";"CM";""
"268";"C BIT.4 ";"BIT - 4";"257";"517051";"CM";""
"269";"F MANARI";"FM. MANARI";"138";"518353";"FM";""
"270";"C BIT.5 ";"BIT - 5";"257";"519451";"CM";""
"271";"C BIT.6 ";"BIT - 6";"257";"521851";"CM";""
"272";"M SANTIA";"MB. SANTIAGO";"255";"522051";"MB";""
"273";"C BIT.7 ";"BIT - 7";"257";"523851";"CM";""
"274";"F TAQUIP";"FM. TAQUIPE";"253";"530452";"FM";""
"275";"F MARFIM";"FM. MARFIM";"253";"532051";"FM";""
"276";"M CATU  ";"MB. CATU";"275";"533051";"MB";""
"277";"F SALSAM";"FM. SALVADOR/GR. SANTO AMARO INDIVISOS";"253";"534051";"FM";""
"278";"G STOAMA";"GR. SANTO AMARO";"";"535051";"GR";""
"279";"F MARACA";"FM. MARACANGALHA";"278";"537051";"FM";""
"280";"F JURMIR";"FM. JURUA MIRIM";"99";"547054";"FM";""
"281";"F RMOURA";"FM. RIO DO MOURA";"99";"548054";"FM";""
"282";"F APOTER";"FM. APOTERI";"138";"551553";"FM";""
"283";"G GUARAT";"GR. GUARATIBA";"";"552048";"GR";" "
"284";"F CALCOE";"FM. CALCOENE";"2";"558853";"FM";""
"285";"M CARUAC";"MB. CARUACU";"279";"578052";"MB";""
"286";"M PITANG";"MB. PITANGA";"279";"579051";"MB";""
"287";"F CANDEI";"FM. CANDEIAS";"278";"590052";"FM";""
"288";"M GOMO  ";"MB. GOMO";"287";"593052";"MB";""
"289";"M TAUA  ";"MB. TAUA";"287";"602052";"MB";""
"290";"F CAMBOR";"FM. CAMBORIU";"";"604048";"FM";""
"291";"F CABIUN";"FM. CABIUNAS";"177";"608050";"FM";""
"292";"F AGGRAN";"FM. AGUA GRANDE";"278";"608052";"FM";""
"293";"F ITAPAR";"FM. ITAPARICA";"278";"610052";"FM";""
"294";"G PERUCA";"GR. PERUCABA";"";"611005";"GR";""
"295";"G BROTAS";"GR. BROTAS";"";"619054";"GR";""
"298";"G MEARIM";"GR. MEARIM";"";"622053";"GR";""
"299";"F SERRAR";"FM. SERRARIA";"294";"622054";"FM";""
"257";"F BARITI";"FM. BARRA DE ITIUBA";"175";"478051";"FM";""
"258";"G LAGFEI";"GR. LAGOA FEIA";"";"481048";"GR";""
"259";"F ITABAP";"FM. ITABAPOANA";"258";"481548";"FM";""
"224";"F RCEMIR";"FM. RIO CEARA-MIRIM";"147";"431045";"FM";""
"225";"G MASSAC";"GR. MASSACARA";"";"432049";"GR";""
"226";"F MSSIND";"GR. MASSACARA INDIVISO";"225";"432060";"FM";""
"227";"C CSO-2 ";"CSO - 2";"219";"436048";"CM";""
"228";"C CSO-3 ";"CSO - 3";"219";"437048";"CM";""
"229";"C CSO-4 ";"CSO - 4";"219";"438048";"CM";""
"230";"C CSO-5 ";"CSO - 5";"219";"439048";"CM";""
"231";"F SAOSEB";"FM. SAO SEBASTIAO";"225";"442049";"FM";""
"232";"C SBASAL";"SECAO BASAL";"219";"443548";"CM";""
"233";"C ARNPIL";"ARENITO PILAR";"219";"444048";"CM";""
"234";"F MORCHA";"FM. MORRO DO CHAVES";"175";"445048";"FM";""
"235";"F RIOPIT";"FM. RIO PITANGA";"175";"448050";"FM";""
"236";"F RPTPDO";"FM. RIO PITANGA/PENEDO INDIVISAS";"175";"449550";"FM";""
"237";"F PENEDO";"FM. PENEDO";"175";"451050";"FM";""
"238";"F PENITI";"FM. PENEDO/BARRA DE ITIUBA INDIVISAS";"175";"451558";"FM";""
"239";"C PDO-1 ";"PDO - 1";"237";"453850";"CM";""
"240";"C PDO-2 ";"PDO - 2";"237";"455850";"CM";""
"241";"F PIRARA";"FM. PIRARA";"138";"456548";"FM";""
"242";"F SALVAD";"FM. SALVADOR";"225";"457050";"FM";""
"243";"M SESMAR";"MB. SESMARIA";"242";"457250";"MB";""
"244";"C PDO-3 ";"PDO - 3";"237";"460350";"CM";""
"245";"G MACAE ";"GR. MACAE";"";"460543";"GR";""
"246";"F GOITAC";"FM. GOITACAS";"245";"460743";"FM";""
"247";"F OUTEIR";"FM. OUTEIRO";"245";"460943";"FM";""
"248";"F NAMORA";"FM. NAMORADO";"245";"461043";"FM";"BOLETIM DE GEOCIENCIAS MAI/NOV 2007 - CARTAS ESTRATIGRAFICAS"
"249";"F QUISSA";"FM. QUISSAMA";"245";"461143";"FM";""
"250";"C BADEJO";"DOLOMITO BADEJO";"249";"461243";"CM";""
"251";"C PDO-4 ";"PDO - 4";"237";"464350";"CM";""
"252";"F CACIPO";"FM. CACIPORE";"2";"465046";"FM";""
"253";"G ILHAS ";"GR. ILHAS";"";"467050";"GR";""
"254";"F ILHIND";"GR. ILHAS INDIVISO";"253";"467060";"FM";""
"255";"F POJUCA";"FM. POJUCA";"253";"468050";"FM";""
"256";"F POJTAQ";"FM. POJUCA/TAQUIPE INDIVISAS";"253";"468058";"FM";""
"193";"F MURIBE";"FM. MURIBECA";"175";"408048";"FM";""
"194";"F BRAGAN";"FM. BRAGANCA";"121";"408053";"FM";""
"195";"M OITEIR";"MB. OITEIRINHOS";"193";"410048";"MB";""
"196";"C MURIBE";"CALCARIO MURIBECA";"195";"411048";"CM";""
"197";"M MUCURI";"MB. MUCURI";"179";"414048";"MB";""
"198";"F SGERAL";"FM. SERRA GERAL";"170";"416043";"FM";""
"199";"M NOVPRA";"MB. NOVA PRATA";"198";"416543";"MB";""
"200";"F PENDEN";"FM. PENDENCIA";"147";"416548";"FM";""
"201";"F SARDIN";"FM. SARDINHA";"172";"417048";"FM";""
"202";"F CRICAR";"FM. CRICARE";"177";"418043";"FM";""
"203";"M IBURA ";"MB. IBURA";"193";"418048";"MB";""
"204";"M SERNAM";"MB. SERNAMBI";"202";"418143";"MB";""
"205";"M JAGUAR";"MB. JAGUARE";"202";"418243";"MB";""
"206";"C ANIDRI";"CAMADA DE ANIDRITA";"203";"420048";"CM";""
"207";"C SAIS  ";"SAIS SOLUVEIS";"203";"421048";"CM";""
"208";"C FLHCAP";"FOLHELHO CAPEADOR";"203";"421548";"CM";""
"209";"M CARMOP";"MB. CARMOPOLIS";"193";"422048";"MB";""
"210";"F POCAO ";"FM. POCAO";"175";"423748";"FM";""
"211";"F POCMAC";"FM. POCAO/MACEIO INDIVISAS";"175";"424748";"FM";""
"212";"F MACEIO";"FM. MACEIO";"175";"425048";"FM";""
"213";"M TABMAR";"MB. TABULEIRO DOS MARTINS";"212";"425148";"MB";""
"214";"C PARIPU";"EVAPORITOS PARIPUEIRA";"213";"425548";"CM";""
"215";"C BETUMI";"FOLHELHO BETUMINOSO";"213";"426048";"CM";""
"216";"C MUNDAU";"CALCAREO MUNDAU";"213";"426548";"CM";""
"217";"M PONVER";"MB. PONTA VERDE";"175";"427048";"MB";"BOLETIM DE GEOCIENCIA PETROBRAS VOL.15 N.2 MAI/NOV 2007 "
"218";"F POCCSO";"FM. POCAO/COQUEIRO SECO INDIVISAS";"175";"427248";"FM";""
"219";"F COQSEC";"FM. COQUEIRO SECO";"175";"427548";"FM";""
"220";"G CUMURU";"GR. CUMURUXATIBA";"220";"428036";"GR";""
"221";"C CSO-1 ";"CSO - 1";"219";"428048";"CM";""
"222";"F PORSEG";"FM. PORTO SEGURO";"220";"428536";"FM";""
"223";"F MONPAS";"FM. MONTE PASCOAL";"";"429036";"FM";""
"188";"F CODGRA";"FM. CODO/GRAJAU INDIVISAS";"121";"405148";"FM";""
"189";"F MORBAR";"FM. MORRO DO BARRO";"134";"405549";"FM";""
"190";"F GRAJAU";"FM. GRAJAU";"121";"406043";"FM";""
"191";"M TINHAR";"MB. TINHARE";"189";"406049";"MB";""
"192";"M JIRIBA";"MB. JIRIBATUBA";"189";"406549";"MB";""
"184";"F BMGARP";"FM. BOM GOSTO/ARPOADOR INDIVISAS";"172";"403543";"FM";""
"185";"F ARPOAD";"FM. ARPOADOR";"172";"404043";"FM";""
"150";"M MUTA  ";"MB. MUTA";"136";"322848";"MB";""
"151";"F BONFIM";"FM. BONFIM";"121";"324042";"FM";""
"152";"C PONTUB";"PONTA DO TUBARAO";"149";"325042";"CM";""
"153";"M UPANEM";"MB. UPANEMA";"148";"329042";"MB";""
"154";"M ILHEUS";"MB. ILHEUS";"136";"329748";"MB";""
"155";"M TRAIRI";"MB. TRAIRI";"140";"332548";"MB";""
"156";"F PESCAD";"FM. PESCADA";"147";"339145";"FM";""
"157";"F C FRIO";"FM. CABO FRIO";"";"340020";"FM";""
"158";"F BONPRE";"FM. BONFIM/PREGUICAS INDIVISAS";"121";"341042";"FM";""
"159";"C COMBOI";"COMBOIOS";"114";"342043";"CM";""
"160";"F RIACHU";"FM. RIACHUELO";"116";"344042";"FM";""
"161";"M ANGICO";"MB. ANGICO";"160";"347042";"MB";""
"162";"M ANGMAR";"MB. ANGICO/MARUIM INDIVISOS";"160";"347442";"MB";""
"163";"M MARUIM";"MB. MARUIM";"160";"348042";"MB";""
"164";"F IGNCRE";"IGNEAS - CRETACEO";"";"349031";"FM";""
"165";"C AGUILH";"DOLOMITO AGUILHADA";"163";"349042";"CM";""
"166";"M TAQUAR";"MB. TAQUARI";"160";"350042";"MB";""
"167";"F PREGUI";"FM. PREGUICAS";"121";"352042";"FM";""
"168";"F REGENC";"FM. REGENCIA";"112";"362043";"FM";""
"169";"F ITAPEC";"FM. ITAPECURU";"121";"364043";"FM";""
"170";"G SAOBEN";"GR. SAO BENTO";"";"367043";"GR";""
"171";"F SBNIND";"GR. SAO BENTO INDIVISO";"170";"367143";"FM";""
"172";"G CANARI";"GR. CANARIAS";"";"376043";"GR";""
"173";"F CNRIND";"GR. CANARIAS INDIVISO";"172";"377043";"FM";""
"174";"F BARDUR";"FM. BARRO DURO";"172";"378043";"FM";""
"175";"G CORURI";"GR. CORURIPE";"";"390005";"GR";""
"176";"F TUTOIA";"FM. TUTOIA";"172";"390043";"FM";""
"177";"G NATIVO";"GR. NATIVO";"";"394036";"GR";""
"178";"F MARIZA";"FM. MARIZAL";"";"396048";"FM";""
"179";"F MARIRI";"FM. MARIRICU";"177";"398043";"FM";""
"180";"F POCVER";"FM. POCO VERDE";"";"398048";"FM";""
"181";"M ITAUNA";"MB. ITAUNAS";"179";"400043";"MB";""
"182";"F TACUTU";"FM. TACUTU";"138";"400546";"FM";""
"183";"F BOMGOS";"FM. BOM GOSTO";"172";"402043";"FM";""
"186";"F MUNDAU";"FM. MUNDAU";"24";"404548";"FM";""
"187";"F CODO  ";"FM. CODO";"121";"405043";"FM";""
"129";"F COTING";"FM. COTINGUIBA";"116";"300038";"FM";""
"130";"M SAPUCA";"MB. SAPUCARI";"129";"302038";"MB";""
"131";"M PORMAN";"MB. PORTO DO MANGUE";"124";"305542";"MB";""
"132";"F RAZUL ";"FM. RIO AZUL";"99";"306038";"FM";""
"133";"F PERIA ";"FM. PERIA";"99";"306042";"FM";""
"134";"G ALMADA";"GR. ALMADA";"";"306048";"GR";""
"135";"F ALMIND";"GR. ALMADA INDIVISO";"134";"306148";"FM";""
"136";"F RIOCON";"FM. RIO DE CONTAS";"134";"306248";"FM";""
"137";"M REDOND";"MB. REDONDA";"124";"306842";"MB";""
"138";"G REWA  ";"GR. REWA";"";"309850";"GR";""
"139";"F TUCANO";"FM. TUCANO";"138";"310031";"FM";""
"140";"F PARACU";"FM. PARACURU";"24";"310342";"FM";""
"141";"F PONMEL";"FM. PONTA DO MEL";"120";"311002";"FM";""
"142";"F PMLACU";"FM. PONTA DO MEL/ACU INDIVISAS";"120";"311108";"FM";""
"143";"F ACU   ";"FM. ACU";"120";"312010";"FM";""
"144";"M ARACAJ";"MB. ARACAJU";"129";"312039";"MB";""
"145";"F MOA   ";"FM. MOA";"99";"314040";"FM";""
"146";"F CAJIND";"GR. CAJU INDIVISO";"121";"315843";"FM";""
"147";"G ABRANC";"GR. AREIA BRANCA";"";"318605";"GR";""
"148";"F ALAGAM";"FM. ALAGAMAR";"147";"318742";"FM";""
"149";"M GALINH";"MB. GALINHOS";"148";"321042";"MB";""
"112";"G BARNOV";"GR. BARRA NOVA";"";"285036";"GR";""
"113";"F BARIND";"GR. BARRA NOVA INDIVISO";"112";"285138";"FM";""
"114";"F SMATEU";"FM. SAO MATEUS";"112";"286036";"FM";""
"115";"F ITAMAR";"FM. ITAMARACA";"54";"286536";"FM";""
"116";"G SERGIP";"GR. SERGIPE";"";"290005";"GR";""
"117";"F JACARE";"FM. JACAREZINHO";"2";"290027";"FM";""
"118";"F LIMOEI";"FM. LIMOEIRO";"2";"292027";"FM";""
"119";"F TAIMIR";"FM. TAIPUS-MIRIM";"60";"293048";"FM";""
"120";"G APODI ";"GR. APODI";"";"295010";"GR";""
"121";"G CAJU  ";"GR. CAJU";"";"295042";"GR";""
"122";"F ESTIVA";"FM. ESTIVA";"54";"296036";"FM";""
"123";"F JANDAI";"FM. JANDAIRA";"120";"296038";"FM";""
"124";"F QUEBRA";"FM. QUEBRADAS";"120";"296148";"FM";""
"125";"M IGRAPI";"MB. IGRAPIUNA";"119";"297048";"MB";""
"126";"F CABO  ";"FM. CABO";"54";"298036";"FM";""
"127";"F IPOJUC";"FM. IPOJUCA";"54";"299036";"FM";""
"128";"M SERINH";"MB. SERINHAEM";"119";"299048";"MB";""
"427";"C CAETES";"SECAO CAETES";"114";"343043";"CM";""
"428";"C GOYTAC";"SECAO GOYTACAZES";"114";"344043";"CM";""
"429";"C AYMORE";"SECAO AYMORES";"114";"345043";"CM";""
"430";"C TUPY  ";"SECAO TUPY";"114";"346043";"CM";""
"431";"C TAMOYO";"SECAO TAMOYOS";"114";"347043";"CM";""
"432";"C GUARAM";"SECAO GUARANY";"114";"348043";"CM";""
"433";"M ACU  4";"MB. ACU 4";"143";"312510";"MB";""
"437";"C MOREIA";"ARENITO MOREIA";"77";"221715";"CM";""
"434";"M ACU  3";"MB. ACU 3";"143";"312515";"MB";""
"435";"M ACU  2";"MB. ACU 2";"143";"312520";"MB";""
"436";"M ACU  1";"MB. ACU 1";"143";"312525";"MB";""
"438";"C CARATI";"ARENITO CARATINGA";"77";"221813";"CM";""
"443";"LOW FARS";"LOWER FARS FORMATION";"";"131013";"FM";""
"444";"ANHY.G  ";"ANHYDRITE BED G";"443";"142013";"CM";""
"455";"RADHUMA ";"UMM ER RADHUMA FORMATION";"";"374023";"FM";""
"460";"HARTHA  ";"HARTHA FORMATION";"";"477035";"FM";""
"463";"TANUMA  ";"TANUMA FORMATION";"";"511040";"FM";""
"464";"KASIB   ";"KHASIB FORMATION";"";"532040";"FM";""
"465";"KIFL    ";"KIFL FORMATION";"";"554040";"FM";""
"466";"MISHRIF ";"MISHRIF FORMATION";"";"570040";"FM";""
"467";"RUMAILA ";"RUMAILA FORMATION";"";"595042";"FM";""
"468";"AHMADI  ";"AHMADI FORMATION";"";"610042";"FM";""
"469";"WARA    ";"WARA FORMATION";"";"638542";"FM";""
"470";"MAUDDUD ";"MAUDDUD FORMATION";"";"659042";"FM";""
"471";"NAHRUMR ";"NAHR UMR FORMATION";"";"675043";"FM";""
"472";"SANDS   ";"SANDSTONE BEDS";"471";"686043";"CM";""
"473";"SHUAIBA ";"SHUAIBA FORMATION";"";"715045";"FM";""
"474";"ZUBAIR  ";"ZUBAIR FORMATION";"";"730046";"FM";""
"475";"L.BEDD  ";"LIMESTONE BED D";"474";"740546";"CM";""
"476";"L.BEDJ  ";"LIMESTONE BED J";"474";"758046";"CM";""
"477";"RATAWI  ";"RATAWI FORMATION";"";"773046";"FM";""
"478";"YAMAMA  ";"YAMAMA FORMATION";"";"790046";"FM";""
"479";"SULAIY  ";"SULAIY FORMATION";"";"819046";"FM";""
"480";"GOTNIA  ";"GOTNIA FORMATION";"";"831053";"FM";""
"481";"NAJMAH  ";"NAJMAH FORMATION";"";"853053";"FM";""
"482";"SARGELU ";"SARGELU FORMATION";"";"874053";"FM";""
"483";"ALAN    ";"ALAN FORMATION";"";"895053";"FM";""
"484";"MUS     ";"MUS FORMATION";"";"916053";"FM";""
"485";"ADAIYAH ";"ADAIYAH FORMATION";"";"937053";"FM";""
"486";"BUTMAM  ";"BUTMAN FORMATION";"";"959053";"FM";""
"487";"BALUTI  ";"BALUTI FORMATION";"";"975055";"FM";""
"488";"G BAMBUI";"GR. BAMBUI";"";"";"GR";""
"489";"G MACPAR";"GR. MACAUBAS/PARANOA";"";"";"GR";""
"490";"S ESPARA";"SP. ESPINHACO / GR. ARAI";"";"";"SG";"BOLETIM GEOCIENCIAS VOL 15, N.2, 2007"
"491";"F 3MARIA";"FM. TRES MARIAS";"488";"";"FM";""
"492";"F SERSAU";"FM. SERRA DA SAUDADE";"488";"";"FM";""
"493";"F LAGJAC";"FM. LAGOA DO JACARE";"488";"";"FM";""
"494";"F SSTHEL";"FM. SERRA DE SANTA HELENA";"488";"";"FM";""
"495";"F SETLAG";"FM. SETE LAGOAS";"488";"";"FM";" "
"496";"G RIO PX";"GR. RIO DO PEIXE";"";"";"GR";""
"497";"F RIO PI";"FM. RIO PIRANHAS";"496";"";"FM";""
"498";"F SOUSA ";"FM. SOUSA";"496";"";"FM";" "
"499";"F ANTENO";"FM. ANTENOR NAVARRO";"496";"";"FM";""
"500";"F ARAGUA";"FM. ARAGUAIA";"";"";"FM";""
"501";"G PARECI";"GR. PARECIS";"";"";"GR";"REINTERPRETACAO DO E&P/EXP/IABT/INTP_2013"
"502";"F FAZCB ";"FM. FAZENDA CASA BRANCA";"";"";"FM";""
"503";"F PIMBUE";"FM. PIMENTA BUENO";"";"";"FM";""
"504";"S INTGUA";"ST INTRUSIVA DO GUAPE";"";"";"SU";" "
"505";"G ALTPAR";"GR. ALTO PARAGUAI";"";"";"GR";" "
"506";"G CAIABI";"GR. CAIABIS";"";"";"GR";""
"507";"G AGUAPE";"GR. AGUAPEI";"";"";"GR";""
"508";"F VPROMI";"FM. VALE DA PROMISSAO";"507";"";"FM";""
"520";"M BUZIOS";"MB. BUZIOS";"249";"";"MB";""
"510";"F B.VELH";"FM. BARRA VELHA";"283";"";"FM";" "
"511";"F ITAPEM";"FM. ITAPEMA";"283";"";"FM";" "
"512";"F PICARR";"FM. PICARRAS";"283";"";"FM";" "
"513";"G PAGUDA";"GR. CAMBURI";"";"";"GR";"BOLETIM GEOCIENCIAS VOL 15, N.2, 2007 "
"514";"M TOMBO ";"MB. TOMBO";"89";"";"MB";"BOLETIM GEOCIENCIAS VOL 15, N.2, 2007 "
"515";"G FRADE ";"GR. FRADE";"";"";"GR";"BOLETIM GEOCIENCIAS VOL 15, N.2, 2007 "
"516";"G ITAMAM";"GR. ITAMAMBUCA";"";"";"GR";"BOLETIM GEOCIENCIAS VOL 15, N.2, 2007 "
"517";"F PAGUDA";"FM. PONTA AGUDA";"516";"";"FM";"BOLETIM GEOCIENCIAS VOL 15, N.2, 2007 "
"518";"M MARESI";"MB. MARESIAS";"56";"";"MB";"BOLETIM GEOCIENCIAS VOL 15, N.2, 2007 "
"519";"F IMBETI";"FM. IMBETIBA";"245";"";"FM";""
"521";"G MATACO";"GR. MATA DA CORDA";"";"";"GR";"BOLETIM GEOCIENCIAS VOL 15, N.2, 2007 "
"522";"G URUCUI";"GR. URUCUIA";"";"";"GR";"BOLETIM GEOCIENCIAS VOL 15, N.2, 2007 "
"523";"F CAPACE";"FM. CAPACETE";"521";"";"FM";"BOLETIM GEOCIENCIAS VOL 15, N.2, 2007 "
"524";"F PATOS ";"FM. PATOS";"521";"";"FM";"BOLETIM GEOCIENCIAS VOL 15, N.2, 2007 "
"525";"G AREADO";"GR. AREADO";"";"";"GR";"BOLETIM GEOCIENCIAS VOL 15, N.2, 2007 "
"526";"F TRESBA";"FM. TRES BARRAS";"525";"";"FM";"BOLETIM GEOCIENCIAS VOL 15, N.2, 2007 "
"527";"F QUIRIC";"FM. QUIRICO";"525";"";"FM";"BOLETIM GEOCIENCIAS VOL 15, N.2, 2007 "
"528";"F ABAETE";"FM. ABAETE";"525";"";"FM";"BOLETIM GEOCIENCIAS VOL 15, N.2, 2007 "
"529";"G SANTFE";"GR. SANTA FE";"";"";"FM";"BOLETIM GEOCIENCIAS VOL 15, N.2, 2007 "
"530";"F TABULE";"FM. TABULEIRO";"529";"";"FM";"BOLETIM GEOCIENCIAS VOL 15, N.2, 2007 "
"531";"F FLORES";"FM. FLORESTA";"529";"";"FM";"BOLETIM GEOCIENCIAS VOL 15, N.2, 2007 "
"532";"F JEQUIT";"FM. JEQUITAI";"489";"";"FM";"BOLETIM GEOCIENCIAS VOL 15, N.2, 2007"
"533";"F UTIARI";"FM. UTIARITI";"";"";"FM";"REINTERPRETACAO DO E&P/EXP/IABT/INTP_2013"
"534";"F SNUVEN";"FM. SALTO DAS NUVENS";"";"";"FM";"REINTERPRETACAO DO E&P/EXP/IABT/INTP_2013"
"535";"F DIAMAN";"FM. DIAMANTINO";"";"";"FM";"REINTERPRETACAO DO E&P/EXP/IABT/INTP_2013"
"536";"F SEPOTU";"FM. SEPOTUBA";"";"";"FM";"REINTERPRETACAO DO E&P/EXP/IABT/INTP_2013"
"537";"F RAIZAM";"FM. RAIZAMA";"";"";"FM";"REINTERPRETACAO DO E&P/EXP/IABT/INTP_2013"
"538";"F SEAZUL";"FM. SERRA AZUL";"";"";"FM";"REINTERPRETACAO DO E&P/EXP/IABT/INTP_2013"
"539";"G ARARAS";"GR. ARARAS";"";"";"GR";"REINTERPRETACAO DO E&P/EXP/IABT/INTP_2013"
"540";"F NOBRES";"FM. NOBRES";"";"";"FM";"REINTERPRETACAO DO E&P/EXP/IABT/INTP_2013"
"541";"F SEQUIL";"FM. SERRA DO QUILOMBO";"";"";"FM";"REINTERPRETACAO DO E&P/EXP/IABT/INTP_2013"
"542";"F GUIA  ";"FM. GUIA";"";"";"FM";"REINTERPRETACAO DO E&P/EXP/IABT/INTP_2013"
"543";"F MDOEST";"FM. MIRASSOL D'OESTE";"";"";"FM";"REINTERPRETACAO DO E&P/EXP/IABT/INTP_2013"
"544";"G JANGAD";"GR. JANGADA";"";"";"GR";"REINTERPRETACAO DO E&P/EXP/IABT/INTP_2013"
"545";"F PUGA  ";"FM. PUGA";"";"";"FM";"REINTERPRETACAO DO E&P/EXP/IABT/INTP_2013"
"546";"F BAUXI ";"FM. BAUXI";"";"";"FM";"REINTERPRETACAO DO E&P/EXP/IABT/INTP_2013"
"547";"G CUIABA";"GR. CUIABA";"";"";"GR";"REINTERPRETACAO DO E&P/EXP/IABT/INTP_2013"
"548";"F CSALTM";"FM. CARBONATO SALTO MAGESSI";"";"";"FM";"REINTERPRETACAO DO E&P/EXP/IABT/INTP_2013"
"549";"TAPIRAPU";"FM. TAPIRAPUA";"";"";"FM";"REINTERPRETACAO DO E&P/EXP/IABT/INTP "
"550";"M QUEIMA";"MB. LAGOA DO QUEIMADO";"147";"";"MB";" BOLETIM DE GEOCIENCIAS VOL.15, N.2 MAIO/NOV.2007"
"551";"M CRISTO";"MB. CRISTOVAO";"147";"";"MB";" BOLETIM DE GEOCIENCIAS VOL.15, N.2 MAIO/NOV.2007"
"552";"M C.AMAR";"MB. CANTO DO AMARO";"147";"";"MB";" BOLETIM DE GEOCIENCIAS VOL.15, N.2 MAIO/NOV.2007"
"553";"F JURITA";"FM. JUREIA/ITAJAI-ACU INDIVISAS";"";"";"FM";" BOLETIM DE GEOCIENCIAS VOL.15, N.2 MAIO/NOV.2007"
"554";"F JATAPU";"FM. JATAPU";"410";"";"FM";" BOLETIM DE GEOCIENCIAS VO.15, N.2 MAIO/NOV.2007 "
"555";"F FELDES";"FM. FELIZ DESERTO";"175";"";"FM";""
"556";"C CAIOBA";"CAMADA CAIOBA";"257";"";"CM";""
